Name,Gender,Grouped Region
Liam,Male,US
Emma,Female,US
Oliver,Male,US
Charlotte,Female,US
James,Male,US
Mia,Female,US
Benjamin,Male,US
Ava,Female,US
Henry,Male,US
Luna,Female,US
Jack,Male,US
Sofia,Female,US
Alexander,Male,US
Gianna,Female,US
Mateo,Male,US
Eleanor,Female,US
Michael,Male,US
Abigail,Female,US
Sebastian,Male,US
Scarlett,Female,US
Logan,Male,US
Aria,Female,US
Samuel,Male,US
Chloe,Female,US
Asher,Male,US
Victoria,Female,US
John,Male,US
Nora,Female,US
David,Male,US
Zoey,Female,US
Matthew,Male,US
Aurora,Female,US
Julian,Male,US
Nova,Female,US
Grayson,Male,US
Addison,Female,US
Ezra,Male,US
Natalie,Female,US
Carter,Male,US
Leah,Female,US
Dylan,Male,US
Audrey,Female,US
Thomas,Male,US
Lucy,Female,US
Elias,Male,US
Savannah,Female,US
Charles,Male,US
Caroline,Female,US
Christopher,Male,US
Samantha,Female,US
Liam,Male,US
Emma,Female,US
Oliver,Male,US
Charlotte,Female,US
James,Male,US
Mia,Female,US
Benjamin,Male,US
Ava,Female,US
Henry,Male,US
Luna,Female,US
Jack,Male,US
Sofia,Female,US
Alexander,Male,US
Gianna,Female,US
Mateo,Male,US
Eleanor,Female,US
Michael,Male,US
Abigail,Female,US
Sebastian,Male,US
Scarlett,Female,US
Logan,Male,US
Aria,Female,US
Samuel,Male,US
Chloe,Female,US
Asher,Male,US
Victoria,Female,US
John,Male,US
Nora,Female,US
David,Male,US
Zoey,Female,US
Matthew,Male,US
Aurora,Female,US
Julian,Male,US
Nova,Female,US
Grayson,Male,US
Addison,Female,US
Ezra,Male,US
Natalie,Female,US
Carter,Male,US
Leah,Female,US
Dylan,Male,US
Audrey,Female,US
Thomas,Male,US
Lucy,Female,US
Elias,Male,US
Savannah,Female,US
Charles,Male,US
Caroline,Female,US
Christopher,Male,US
Samantha,Female,US
Liam,Male,US
Emma,Female,US
Oliver,Male,US
Charlotte,Female,US
James,Male,US
Mia,Female,US
Benjamin,Male,US
Ava,Female,US
Henry,Male,US
Luna,Female,US
Jack,Male,US
Sofia,Female,US
Alexander,Male,US
Gianna,Female,US
Mateo,Male,US
Eleanor,Female,US
Michael,Male,US
Abigail,Female,US
Sebastian,Male,US
Scarlett,Female,US
Logan,Male,US
Aria,Female,US
Samuel,Male,US
Chloe,Female,US
Asher,Male,US
Victoria,Female,US
John,Male,US
Nora,Female,US
David,Male,US
Zoey,Female,US
Matthew,Male,US
Aurora,Female,US
Julian,Male,US
Nova,Female,US
Grayson,Male,US
Addison,Female,US
Ezra,Male,US
Natalie,Female,US
Carter,Male,US
Leah,Female,US
Dylan,Male,US
Audrey,Female,US
Thomas,Male,US
Lucy,Female,US
Elias,Male,US
Savannah,Female,US
Charles,Male,US
Caroline,Female,US
Christopher,Male,US
Samantha,Female,US
Liam,Male,US
Emma,Female,US
Oliver,Male,US
Charlotte,Female,US
James,Male,US
Mia,Female,US
Benjamin,Male,US
Ava,Female,US
Henry,Male,US
Luna,Female,US
Jack,Male,US
Sofia,Female,US
Alexander,Male,US
Gianna,Female,US
Mateo,Male,US
Eleanor,Female,US
Michael,Male,US
Abigail,Female,US
Sebastian,Male,US
Scarlett,Female,US
Logan,Male,US
Aria,Female,US
Samuel,Male,US
Chloe,Female,US
Asher,Male,US
Victoria,Female,US
John,Male,US
Nora,Female,US
David,Male,US
Zoey,Female,US
Matthew,Male,US
Aurora,Female,US
Julian,Male,US
Nova,Female,US
Grayson,Male,US
Addison,Female,US
Ezra,Male,US
Natalie,Female,US
Carter,Male,US
Leah,Female,US
Dylan,Male,US
Audrey,Female,US
Thomas,Male,US
Lucy,Female,US
Elias,Male,US
Savannah,Female,US
Charles,Male,US
Caroline,Female,US
Christopher,Male,US
Samantha,Female,US
Liam,Male,US
Emma,Female,US
Oliver,Male,US
Charlotte,Female,US
James,Male,US
Mia,Female,US
Benjamin,Male,US
Ava,Female,US
Henry,Male,US
Luna,Female,US
Jack,Male,US
Sofia,Female,US
Alexander,Male,US
Gianna,Female,US
Mateo,Male,US
Eleanor,Female,US
Michael,Male,US
Abigail,Female,US
Sebastian,Male,US
Scarlett,Female,US
Logan,Male,US
Aria,Female,US
Samuel,Male,US
Chloe,Female,US
Asher,Male,US
Victoria,Female,US
John,Male,US
Nora,Female,US
David,Male,US
Zoey,Female,US
Matthew,Male,US
Aurora,Female,US
Julian,Male,US
Nova,Female,US
Grayson,Male,US
Addison,Female,US
Ezra,Male,US
Natalie,Female,US
Carter,Male,US
Leah,Female,US
Dylan,Male,US
Audrey,Female,US
Thomas,Male,US
Lucy,Female,US
Elias,Male,US
Savannah,Female,US
Charles,Male,US
Caroline,Female,US
Christopher,Male,US
Samantha,Female,US
Liam,Male,US
Emma,Female,US
Oliver,Male,US
Charlotte,Female,US
James,Male,US
Mia,Female,US
Benjamin,Male,US
Ava,Female,US
Henry,Male,US
Luna,Female,US
Jack,Male,US
Sofia,Female,US
Alexander,Male,US
Gianna,Female,US
Mateo,Male,US
Eleanor,Female,US
Michael,Male,US
Abigail,Female,US
Sebastian,Male,US
Scarlett,Female,US
Logan,Male,US
Aria,Female,US
Samuel,Male,US
Chloe,Female,US
Asher,Male,US
Victoria,Female,US
John,Male,US
Nora,Female,US
David,Male,US
Zoey,Female,US
Matthew,Male,US
Aurora,Female,US
Julian,Male,US
Nova,Female,US
Grayson,Male,US
Addison,Female,US
Ezra,Male,US
Natalie,Female,US
Carter,Male,US
Leah,Female,US
Dylan,Male,US
Audrey,Female,US
Thomas,Male,US
Lucy,Female,US
Elias,Male,US
Savannah,Female,US
Charles,Male,US
Caroline,Female,US
Christopher,Male,US
Samantha,Female,US
Liam,Male,US
Emma,Female,US
Oliver,Male,US
Charlotte,Female,US
James,Male,US
Mia,Female,US
Benjamin,Male,US
Ava,Female,US
Henry,Male,US
Luna,Female,US
Jack,Male,US
Sofia,Female,US
Alexander,Male,US
Gianna,Female,US
Mateo,Male,US
Eleanor,Female,US
Michael,Male,US
Abigail,Female,US
Sebastian,Male,US
Scarlett,Female,US
Logan,Male,US
Aria,Female,US
Samuel,Male,US
Chloe,Female,US
Asher,Male,US
Victoria,Female,US
John,Male,US
Nora,Female,US
David,Male,US
Zoey,Female,US
Matthew,Male,US
Aurora,Female,US
Julian,Male,US
Nova,Female,US
Grayson,Male,US
Addison,Female,US
Ezra,Male,US
Natalie,Female,US
Carter,Male,US
Leah,Female,US
Dylan,Male,US
Audrey,Female,US
Thomas,Male,US
Lucy,Female,US
Elias,Male,US
Savannah,Female,US
Charles,Male,US
Caroline,Female,US
Christopher,Male,US
Samantha,Female,US
Liam,Male,US
Emma,Female,US
Oliver,Male,US
Charlotte,Female,US
James,Male,US
Mia,Female,US
Benjamin,Male,US
Ava,Female,US
Henry,Male,US
Luna,Female,US
Jack,Male,US
Sofia,Female,US
Alexander,Male,US
Gianna,Female,US
Mateo,Male,US
Eleanor,Female,US
Michael,Male,US
Abigail,Female,US
Sebastian,Male,US
Scarlett,Female,US
Logan,Male,US
Aria,Female,US
Samuel,Male,US
Chloe,Female,US
Asher,Male,US
Victoria,Female,US
John,Male,US
Nora,Female,US
David,Male,US
Zoey,Female,US
Matthew,Male,US
Aurora,Female,US
Julian,Male,US
Nova,Female,US
Grayson,Male,US
Addison,Female,US
Ezra,Male,US
Natalie,Female,US
Carter,Male,US
Leah,Female,US
Dylan,Male,US
Audrey,Female,US
Thomas,Male,US
Lucy,Female,US
Elias,Male,US
Savannah,Female,US
Charles,Male,US
Caroline,Female,US
Christopher,Male,US
Samantha,Female,US
Liam,Male,US
Emma,Female,US
Oliver,Male,US
Charlotte,Female,US
James,Male,US
Mia,Female,US
Benjamin,Male,US
Ava,Female,US
Henry,Male,US
Luna,Female,US
Jack,Male,US
Sofia,Female,US
Alexander,Male,US
Gianna,Female,US
Mateo,Male,US
Eleanor,Female,US
Michael,Male,US
Abigail,Female,US
Sebastian,Male,US
Scarlett,Female,US
Logan,Male,US
Aria,Female,US
Samuel,Male,US
Chloe,Female,US
Asher,Male,US
Victoria,Female,US
John,Male,US
Nora,Female,US
David,Male,US
Zoey,Female,US
Matthew,Male,US
Aurora,Female,US
Julian,Male,US
Nova,Female,US
Grayson,Male,US
Addison,Female,US
Ezra,Male,US
Natalie,Female,US
Carter,Male,US
Leah,Female,US
Dylan,Male,US
Audrey,Female,US
Thomas,Male,US
Lucy,Female,US
Elias,Male,US
Savannah,Female,US
Charles,Male,US
Caroline,Female,US
Christopher,Male,US
Samantha,Female,US
Liam,Male,US
Emma,Female,US
Oliver,Male,US
Charlotte,Female,US
James,Male,US
Mia,Female,US
Benjamin,Male,US
Ava,Female,US
Henry,Male,US
Luna,Female,US
Jack,Male,US
Sofia,Female,US
Alexander,Male,US
Gianna,Female,US
Mateo,Male,US
Eleanor,Female,US
Michael,Male,US
Abigail,Female,US
Sebastian,Male,US
Scarlett,Female,US
Logan,Male,US
Aria,Female,US
Samuel,Male,US
Chloe,Female,US
Asher,Male,US
Victoria,Female,US
John,Male,US
Nora,Female,US
David,Male,US
Zoey,Female,US
Matthew,Male,US
Aurora,Female,US
Julian,Male,US
Nova,Female,US
Grayson,Male,US
Addison,Female,US
Ezra,Male,US
Natalie,Female,US
Carter,Male,US
Leah,Female,US
Dylan,Male,US
Audrey,Female,US
Thomas,Male,US
Lucy,Female,US
Elias,Male,US
Savannah,Female,US
Charles,Male,US
Caroline,Female,US
Christopher,Male,US
Samantha,Female,US
Liam,Male,US
Emma,Female,US
Oliver,Male,US
Charlotte,Female,US
James,Male,US
Mia,Female,US
Benjamin,Male,US
Ava,Female,US
Henry,Male,US
Luna,Female,US
Jack,Male,US
Sofia,Female,US
Alexander,Male,US
Gianna,Female,US
Mateo,Male,US
Eleanor,Female,US
Michael,Male,US
Abigail,Female,US
Sebastian,Male,US
Scarlett,Female,US
Logan,Male,US
Aria,Female,US
Samuel,Male,US
Chloe,Female,US
Asher,Male,US
Victoria,Female,US
John,Male,US
Nora,Female,US
David,Male,US
Zoey,Female,US
Matthew,Male,US
Aurora,Female,US
Julian,Male,US
Nova,Female,US
Grayson,Male,US
Addison,Female,US
Ezra,Male,US
Natalie,Female,US
Carter,Male,US
Leah,Female,US
Dylan,Male,US
Audrey,Female,US
Thomas,Male,US
Lucy,Female,US
Elias,Male,US
Savannah,Female,US
Charles,Male,US
Caroline,Female,US
Christopher,Male,US
Samantha,Female,US
Liam,Male,US
Emma,Female,US
Oliver,Male,US
Charlotte,Female,US
James,Male,US
Mia,Female,US
Benjamin,Male,US
Ava,Female,US
Henry,Male,US
Luna,Female,US
Jack,Male,US
Sofia,Female,US
Alexander,Male,US
Gianna,Female,US
Mateo,Male,US
Eleanor,Female,US
Michael,Male,US
Abigail,Female,US
Sebastian,Male,US
Scarlett,Female,US
Logan,Male,US
Aria,Female,US
Samuel,Male,US
Chloe,Female,US
Asher,Male,US
Victoria,Female,US
John,Male,US
Nora,Female,US
David,Male,US
Zoey,Female,US
Matthew,Male,US
Aurora,Female,US
Julian,Male,US
Nova,Female,US
Grayson,Male,US
Addison,Female,US
Ezra,Male,US
Natalie,Female,US
Carter,Male,US
Leah,Female,US
Dylan,Male,US
Audrey,Female,US
Thomas,Male,US
Lucy,Female,US
Elias,Male,US
Savannah,Female,US
Charles,Male,US
Caroline,Female,US
Christopher,Male,US
Samantha,Female,US
Liam,Male,US
Emma,Female,US
Oliver,Male,US
Charlotte,Female,US
James,Male,US
Mia,Female,US
Benjamin,Male,US
Ava,Female,US
Henry,Male,US
Luna,Female,US
Jack,Male,US
Sofia,Female,US
Alexander,Male,US
Gianna,Female,US
Mateo,Male,US
Eleanor,Female,US
Michael,Male,US
Abigail,Female,US
Sebastian,Male,US
Scarlett,Female,US
Logan,Male,US
Aria,Female,US
Samuel,Male,US
Chloe,Female,US
Asher,Male,US
Victoria,Female,US
John,Male,US
Nora,Female,US
David,Male,US
Zoey,Female,US
Matthew,Male,US
Aurora,Female,US
Julian,Male,US
Nova,Female,US
Grayson,Male,US
Addison,Female,US
Ezra,Male,US
Natalie,Female,US
Carter,Male,US
Leah,Female,US
Dylan,Male,US
Audrey,Female,US
Thomas,Male,US
Lucy,Female,US
Elias,Male,US
Savannah,Female,US
Charles,Male,US
Caroline,Female,US
Christopher,Male,US
Samantha,Female,US
Liam,Male,US
Emma,Female,US
Oliver,Male,US
Charlotte,Female,US
James,Male,US
Mia,Female,US
Benjamin,Male,US
Ava,Female,US
Henry,Male,US
Luna,Female,US
Jack,Male,US
Sofia,Female,US
Alexander,Male,US
Gianna,Female,US
Mateo,Male,US
Eleanor,Female,US
Michael,Male,US
Abigail,Female,US
Sebastian,Male,US
Scarlett,Female,US
Logan,Male,US
Aria,Female,US
Samuel,Male,US
Chloe,Female,US
Asher,Male,US
Victoria,Female,US
John,Male,US
Nora,Female,US
David,Male,US
Zoey,Female,US
Matthew,Male,US
Aurora,Female,US
Julian,Male,US
Nova,Female,US
Grayson,Male,US
Addison,Female,US
Ezra,Male,US
Natalie,Female,US
Carter,Male,US
Leah,Female,US
Dylan,Male,US
Audrey,Female,US
Thomas,Male,US
Lucy,Female,US
Elias,Male,US
Savannah,Female,US
Charles,Male,US
Caroline,Female,US
Christopher,Male,US
Samantha,Female,US
Liam,Male,US
Emma,Female,US
Oliver,Male,US
Charlotte,Female,US
James,Male,US
Mia,Female,US
Benjamin,Male,US
Ava,Female,US
Henry,Male,US
Luna,Female,US
Jack,Male,US
Sofia,Female,US
Alexander,Male,US
Gianna,Female,US
Mateo,Male,US
Eleanor,Female,US
Michael,Male,US
Abigail,Female,US
Sebastian,Male,US
Scarlett,Female,US
Logan,Male,US
Aria,Female,US
Samuel,Male,US
Chloe,Female,US
Asher,Male,US
Victoria,Female,US
John,Male,US
Nora,Female,US
David,Male,US
Zoey,Female,US
Matthew,Male,US
Aurora,Female,US
Julian,Male,US
Nova,Female,US
Grayson,Male,US
Addison,Female,US
Ezra,Male,US
Natalie,Female,US
Carter,Male,US
Leah,Female,US
Dylan,Male,US
Audrey,Female,US
Thomas,Male,US
Lucy,Female,US
Elias,Male,US
Savannah,Female,US
Charles,Male,US
Caroline,Female,US
Christopher,Male,US
Samantha,Female,US
Liam,Male,US
Emma,Female,US
Oliver,Male,US
Charlotte,Female,US
James,Male,US
Mia,Female,US
Benjamin,Male,US
Ava,Female,US
Henry,Male,US
Luna,Female,US
Jack,Male,US
Sofia,Female,US
Alexander,Male,US
Gianna,Female,US
Mateo,Male,US
Eleanor,Female,US
Michael,Male,US
Abigail,Female,US
Sebastian,Male,US
Scarlett,Female,US
Logan,Male,US
Aria,Female,US
Samuel,Male,US
Chloe,Female,US
Asher,Male,US
Victoria,Female,US
John,Male,US
Nora,Female,US
David,Male,US
Zoey,Female,US
Matthew,Male,US
Aurora,Female,US
Julian,Male,US
Nova,Female,US
Grayson,Male,US
Addison,Female,US
Ezra,Male,US
Natalie,Female,US
Carter,Male,US
Leah,Female,US
Dylan,Male,US
Audrey,Female,US
Thomas,Male,US
Lucy,Female,US
Elias,Male,US
Savannah,Female,US
Charles,Male,US
Caroline,Female,US
Christopher,Male,US
Samantha,Female,US
Liam,Male,US
Emma,Female,US
Oliver,Male,US
Charlotte,Female,US
James,Male,US
Mia,Female,US
Benjamin,Male,US
Ava,Female,US
Henry,Male,US
Luna,Female,US
Jack,Male,US
Sofia,Female,US
Alexander,Male,US
Gianna,Female,US
Mateo,Male,US
Eleanor,Female,US
Michael,Male,US
Abigail,Female,US
Sebastian,Male,US
Scarlett,Female,US
Logan,Male,US
Aria,Female,US
Samuel,Male,US
Chloe,Female,US
Asher,Male,US
Victoria,Female,US
John,Male,US
Nora,Female,US
David,Male,US
Zoey,Female,US
Matthew,Male,US
Aurora,Female,US
Julian,Male,US
Nova,Female,US
Grayson,Male,US
Addison,Female,US
Ezra,Male,US
Natalie,Female,US
Carter,Male,US
Leah,Female,US
Dylan,Male,US
Audrey,Female,US
Thomas,Male,US
Lucy,Female,US
Elias,Male,US
Savannah,Female,US
Charles,Male,US
Caroline,Female,US
Christopher,Male,US
Samantha,Female,US
Liam,Male,US
Emma,Female,US
Oliver,Male,US
Charlotte,Female,US
James,Male,US
Mia,Female,US
Benjamin,Male,US
Ava,Female,US
Henry,Male,US
Luna,Female,US
Jack,Male,US
Sofia,Female,US
Alexander,Male,US
Gianna,Female,US
Mateo,Male,US
Eleanor,Female,US
Michael,Male,US
Abigail,Female,US
Sebastian,Male,US
Scarlett,Female,US
Logan,Male,US
Aria,Female,US
Samuel,Male,US
Chloe,Female,US
Asher,Male,US
Victoria,Female,US
John,Male,US
Nora,Female,US
David,Male,US
Zoey,Female,US
Matthew,Male,US
Aurora,Female,US
Julian,Male,US
Nova,Female,US
Grayson,Male,US
Addison,Female,US
Ezra,Male,US
Natalie,Female,US
Carter,Male,US
Leah,Female,US
Dylan,Male,US
Audrey,Female,US
Thomas,Male,US
Lucy,Female,US
Elias,Male,US
Savannah,Female,US
Charles,Male,US
Caroline,Female,US
Christopher,Male,US
Samantha,Female,US
Liam,Male,US
Emma,Female,US
Oliver,Male,US
Charlotte,Female,US
James,Male,US
Mia,Female,US
Benjamin,Male,US
Ava,Female,US
Henry,Male,US
Luna,Female,US
Jack,Male,US
Sofia,Female,US
Alexander,Male,US
Gianna,Female,US
Mateo,Male,US
Eleanor,Female,US
Michael,Male,US
Abigail,Female,US
Sebastian,Male,US
Scarlett,Female,US
Logan,Male,US
Aria,Female,US
Samuel,Male,US
Chloe,Female,US
Asher,Male,US
Victoria,Female,US
John,Male,US
Nora,Female,US
David,Male,US
Zoey,Female,US
Matthew,Male,US
Aurora,Female,US
Julian,Male,US
Nova,Female,US
Grayson,Male,US
Addison,Female,US
Ezra,Male,US
Natalie,Female,US
Carter,Male,US
Leah,Female,US
Dylan,Male,US
Audrey,Female,US
Thomas,Male,US
Lucy,Female,US
Elias,Male,US
Savannah,Female,US
Charles,Male,US
Caroline,Female,US
Christopher,Male,US
Samantha,Female,US
Liam,Male,US
Emma,Female,US
Oliver,Male,US
Charlotte,Female,US
James,Male,US
Mia,Female,US
Benjamin,Male,US
Ava,Female,US
Henry,Male,US
Luna,Female,US
Jack,Male,US
Sofia,Female,US
Alexander,Male,US
Gianna,Female,US
Mateo,Male,US
Eleanor,Female,US
Michael,Male,US
Abigail,Female,US
Sebastian,Male,US
Scarlett,Female,US
Logan,Male,US
Aria,Female,US
Samuel,Male,US
Chloe,Female,US
Asher,Male,US
Victoria,Female,US
John,Male,US
Nora,Female,US
David,Male,US
Zoey,Female,US
Matthew,Male,US
Aurora,Female,US
Julian,Male,US
Nova,Female,US
Grayson,Male,US
Addison,Female,US
Ezra,Male,US
Natalie,Female,US
Carter,Male,US
Leah,Female,US
Dylan,Male,US
Audrey,Female,US
Thomas,Male,US
Lucy,Female,US
Elias,Male,US
Savannah,Female,US
Charles,Male,US
Caroline,Female,US
Christopher,Male,US
Samantha,Female,US
Noah,Male,Germany
Emma,Female,Germany
Paul,Male,Germany
Hannah,Female,Germany
Emil,Male,Germany
Mila,Female,Germany
Felix,Male,Germany
Ella,Female,Germany
Henry,Male,Germany
Clara,Female,Germany
Luis,Male,Germany
Lena,Female,Germany
Jonas,Male,Germany
Luisa,Female,Germany
Maximilian,Male,Germany
Amelie,Female,Germany
Matteo,Male,Germany
Frieda,Female,Germany
Oskar,Male,Germany
Mathilda,Female,Germany
Anton,Male,Germany
Lotta,Female,Germany
Leonard,Male,Germany
Johanna,Female,Germany
David,Male,Germany
Mia,Female,Germany
Leon,Male,Germany
Sophia,Female,Germany
Elias,Male,Germany
Emilia,Female,Germany
Finn,Male,Germany
Lina,Female,Germany
Theo,Male,Germany
Lea,Female,Germany
Luca,Male,Germany
Marie,Female,Germany
Liam,Male,Germany
Leni,Female,Germany
Ben,Male,Germany
Charlotte,Female,Germany
Milan,Male,Germany
Ida,Female,Germany
Jakob,Male,Germany
Greta,Female,Germany
Moritz,Male,Germany
Nora,Female,Germany
Karl,Male,Germany
Helena,Female,Germany
Jonathan,Male,Germany
Ava,Female,Germany
Noah,Male,Germany
Emma,Female,Germany
Paul,Male,Germany
Hannah,Female,Germany
Emil,Male,Germany
Mila,Female,Germany
Felix,Male,Germany
Ella,Female,Germany
Henry,Male,Germany
Clara,Female,Germany
Luis,Male,Germany
Lena,Female,Germany
Jonas,Male,Germany
Luisa,Female,Germany
Maximilian,Male,Germany
Amelie,Female,Germany
Matteo,Male,Germany
Frieda,Female,Germany
Oskar,Male,Germany
Mathilda,Female,Germany
Anton,Male,Germany
Lotta,Female,Germany
Leonard,Male,Germany
Johanna,Female,Germany
David,Male,Germany
Mia,Female,Germany
Leon,Male,Germany
Sophia,Female,Germany
Elias,Male,Germany
Emilia,Female,Germany
Finn,Male,Germany
Lina,Female,Germany
Theo,Male,Germany
Lea,Female,Germany
Luca,Male,Germany
Marie,Female,Germany
Liam,Male,Germany
Leni,Female,Germany
Ben,Male,Germany
Charlotte,Female,Germany
Milan,Male,Germany
Ida,Female,Germany
Jakob,Male,Germany
Greta,Female,Germany
Moritz,Male,Germany
Nora,Female,Germany
Karl,Male,Germany
Helena,Female,Germany
Jonathan,Male,Germany
Ava,Female,Germany
Noah,Male,Germany
Emma,Female,Germany
Paul,Male,Germany
Hannah,Female,Germany
Emil,Male,Germany
Mila,Female,Germany
Felix,Male,Germany
Ella,Female,Germany
Henry,Male,Germany
Clara,Female,Germany
Luis,Male,Germany
Lena,Female,Germany
Jonas,Male,Germany
Luisa,Female,Germany
Maximilian,Male,Germany
Amelie,Female,Germany
Matteo,Male,Germany
Frieda,Female,Germany
Oskar,Male,Germany
Mathilda,Female,Germany
Anton,Male,Germany
Lotta,Female,Germany
Leonard,Male,Germany
Johanna,Female,Germany
David,Male,Germany
Mia,Female,Germany
Leon,Male,Germany
Sophia,Female,Germany
Elias,Male,Germany
Emilia,Female,Germany
Finn,Male,Germany
Lina,Female,Germany
Theo,Male,Germany
Lea,Female,Germany
Luca,Male,Germany
Marie,Female,Germany
Liam,Male,Germany
Leni,Female,Germany
Ben,Male,Germany
Charlotte,Female,Germany
Milan,Male,Germany
Ida,Female,Germany
Jakob,Male,Germany
Greta,Female,Germany
Moritz,Male,Germany
Nora,Female,Germany
Karl,Male,Germany
Helena,Female,Germany
Jonathan,Male,Germany
Ava,Female,Germany
Noah,Male,Germany
Emma,Female,Germany
Paul,Male,Germany
Hannah,Female,Germany
Emil,Male,Germany
Mila,Female,Germany
Felix,Male,Germany
Ella,Female,Germany
Henry,Male,Germany
Clara,Female,Germany
Luis,Male,Germany
Lena,Female,Germany
Jonas,Male,Germany
Luisa,Female,Germany
Maximilian,Male,Germany
Amelie,Female,Germany
Matteo,Male,Germany
Frieda,Female,Germany
Oskar,Male,Germany
Mathilda,Female,Germany
Anton,Male,Germany
Lotta,Female,Germany
Leonard,Male,Germany
Johanna,Female,Germany
David,Male,Germany
Mia,Female,Germany
Leon,Male,Germany
Sophia,Female,Germany
Elias,Male,Germany
Emilia,Female,Germany
Finn,Male,Germany
Lina,Female,Germany
Theo,Male,Germany
Lea,Female,Germany
Luca,Male,Germany
Marie,Female,Germany
Liam,Male,Germany
Leni,Female,Germany
Ben,Male,Germany
Charlotte,Female,Germany
Milan,Male,Germany
Ida,Female,Germany
Jakob,Male,Germany
Greta,Female,Germany
Moritz,Male,Germany
Nora,Female,Germany
Karl,Male,Germany
Helena,Female,Germany
Jonathan,Male,Germany
Ava,Female,Germany
Noah,Male,Germany
Emma,Female,Germany
Paul,Male,Germany
Hannah,Female,Germany
Emil,Male,Germany
Mila,Female,Germany
Felix,Male,Germany
Ella,Female,Germany
Henry,Male,Germany
Clara,Female,Germany
Luis,Male,Germany
Lena,Female,Germany
Jonas,Male,Germany
Luisa,Female,Germany
Maximilian,Male,Germany
Amelie,Female,Germany
Matteo,Male,Germany
Frieda,Female,Germany
Oskar,Male,Germany
Mathilda,Female,Germany
Anton,Male,Germany
Lotta,Female,Germany
Leonard,Male,Germany
Johanna,Female,Germany
David,Male,Germany
Mia,Female,Germany
Leon,Male,Germany
Sophia,Female,Germany
Elias,Male,Germany
Emilia,Female,Germany
Finn,Male,Germany
Lina,Female,Germany
Theo,Male,Germany
Lea,Female,Germany
Luca,Male,Germany
Marie,Female,Germany
Liam,Male,Germany
Leni,Female,Germany
Ben,Male,Germany
Charlotte,Female,Germany
Milan,Male,Germany
Ida,Female,Germany
Jakob,Male,Germany
Greta,Female,Germany
Moritz,Male,Germany
Nora,Female,Germany
Karl,Male,Germany
Helena,Female,Germany
Jonathan,Male,Germany
Ava,Female,Germany
Noah,Male,Germany
Emma,Female,Germany
Paul,Male,Germany
Hannah,Female,Germany
Emil,Male,Germany
Mila,Female,Germany
Felix,Male,Germany
Ella,Female,Germany
Henry,Male,Germany
Clara,Female,Germany
Luis,Male,Germany
Lena,Female,Germany
Jonas,Male,Germany
Luisa,Female,Germany
Maximilian,Male,Germany
Amelie,Female,Germany
Matteo,Male,Germany
Frieda,Female,Germany
Oskar,Male,Germany
Mathilda,Female,Germany
Anton,Male,Germany
Lotta,Female,Germany
Leonard,Male,Germany
Johanna,Female,Germany
David,Male,Germany
Mia,Female,Germany
Leon,Male,Germany
Sophia,Female,Germany
Elias,Male,Germany
Emilia,Female,Germany
Finn,Male,Germany
Lina,Female,Germany
Theo,Male,Germany
Lea,Female,Germany
Luca,Male,Germany
Marie,Female,Germany
Liam,Male,Germany
Leni,Female,Germany
Ben,Male,Germany
Charlotte,Female,Germany
Milan,Male,Germany
Ida,Female,Germany
Jakob,Male,Germany
Greta,Female,Germany
Moritz,Male,Germany
Nora,Female,Germany
Karl,Male,Germany
Helena,Female,Germany
Jonathan,Male,Germany
Ava,Female,Germany
Noah,Male,Germany
Emma,Female,Germany
Paul,Male,Germany
Hannah,Female,Germany
Emil,Male,Germany
Mila,Female,Germany
Felix,Male,Germany
Ella,Female,Germany
Henry,Male,Germany
Clara,Female,Germany
Luis,Male,Germany
Lena,Female,Germany
Jonas,Male,Germany
Luisa,Female,Germany
Maximilian,Male,Germany
Amelie,Female,Germany
Matteo,Male,Germany
Frieda,Female,Germany
Oskar,Male,Germany
Mathilda,Female,Germany
Anton,Male,Germany
Lotta,Female,Germany
Leonard,Male,Germany
Johanna,Female,Germany
David,Male,Germany
Mia,Female,Germany
Leon,Male,Germany
Sophia,Female,Germany
Elias,Male,Germany
Emilia,Female,Germany
Finn,Male,Germany
Lina,Female,Germany
Theo,Male,Germany
Lea,Female,Germany
Luca,Male,Germany
Marie,Female,Germany
Liam,Male,Germany
Leni,Female,Germany
Ben,Male,Germany
Charlotte,Female,Germany
Milan,Male,Germany
Ida,Female,Germany
Jakob,Male,Germany
Greta,Female,Germany
Moritz,Male,Germany
Nora,Female,Germany
Karl,Male,Germany
Helena,Female,Germany
Jonathan,Male,Germany
Ava,Female,Germany
Noah,Male,Germany
Emma,Female,Germany
Paul,Male,Germany
Hannah,Female,Germany
Emil,Male,Germany
Mila,Female,Germany
Felix,Male,Germany
Ella,Female,Germany
Henry,Male,Germany
Clara,Female,Germany
Luis,Male,Germany
Lena,Female,Germany
Jonas,Male,Germany
Luisa,Female,Germany
Maximilian,Male,Germany
Amelie,Female,Germany
Matteo,Male,Germany
Frieda,Female,Germany
Oskar,Male,Germany
Mathilda,Female,Germany
Anton,Male,Germany
Lotta,Female,Germany
Leonard,Male,Germany
Johanna,Female,Germany
David,Male,Germany
Mia,Female,Germany
Leon,Male,Germany
Sophia,Female,Germany
Elias,Male,Germany
Emilia,Female,Germany
Finn,Male,Germany
Lina,Female,Germany
Theo,Male,Germany
Lea,Female,Germany
Luca,Male,Germany
Marie,Female,Germany
Liam,Male,Germany
Leni,Female,Germany
Ben,Male,Germany
Charlotte,Female,Germany
Milan,Male,Germany
Ida,Female,Germany
Jakob,Male,Germany
Greta,Female,Germany
Moritz,Male,Germany
Nora,Female,Germany
Karl,Male,Germany
Helena,Female,Germany
Jonathan,Male,Germany
Ava,Female,Germany
Noah,Male,Germany
Emma,Female,Germany
Paul,Male,Germany
Hannah,Female,Germany
Emil,Male,Germany
Mila,Female,Germany
Felix,Male,Germany
Ella,Female,Germany
Henry,Male,Germany
Clara,Female,Germany
Luis,Male,Germany
Lena,Female,Germany
Jonas,Male,Germany
Luisa,Female,Germany
Maximilian,Male,Germany
Amelie,Female,Germany
Matteo,Male,Germany
Frieda,Female,Germany
Oskar,Male,Germany
Mathilda,Female,Germany
Anton,Male,Germany
Lotta,Female,Germany
Leonard,Male,Germany
Johanna,Female,Germany
David,Male,Germany
Mia,Female,Germany
Leon,Male,Germany
Sophia,Female,Germany
Elias,Male,Germany
Emilia,Female,Germany
Finn,Male,Germany
Lina,Female,Germany
Theo,Male,Germany
Lea,Female,Germany
Luca,Male,Germany
Marie,Female,Germany
Liam,Male,Germany
Leni,Female,Germany
Ben,Male,Germany
Charlotte,Female,Germany
Milan,Male,Germany
Ida,Female,Germany
Jakob,Male,Germany
Greta,Female,Germany
Moritz,Male,Germany
Nora,Female,Germany
Karl,Male,Germany
Helena,Female,Germany
Jonathan,Male,Germany
Ava,Female,Germany
Noah,Male,Germany
Emma,Female,Germany
Paul,Male,Germany
Hannah,Female,Germany
Emil,Male,Germany
Mila,Female,Germany
Felix,Male,Germany
Ella,Female,Germany
Henry,Male,Germany
Clara,Female,Germany
Luis,Male,Germany
Lena,Female,Germany
Jonas,Male,Germany
Luisa,Female,Germany
Maximilian,Male,Germany
Amelie,Female,Germany
Matteo,Male,Germany
Frieda,Female,Germany
Oskar,Male,Germany
Mathilda,Female,Germany
Anton,Male,Germany
Lotta,Female,Germany
Leonard,Male,Germany
Johanna,Female,Germany
David,Male,Germany
Mia,Female,Germany
Leon,Male,Germany
Sophia,Female,Germany
Elias,Male,Germany
Emilia,Female,Germany
Finn,Male,Germany
Lina,Female,Germany
Theo,Male,Germany
Lea,Female,Germany
Luca,Male,Germany
Marie,Female,Germany
Liam,Male,Germany
Leni,Female,Germany
Ben,Male,Germany
Charlotte,Female,Germany
Milan,Male,Germany
Ida,Female,Germany
Jakob,Male,Germany
Greta,Female,Germany
Moritz,Male,Germany
Nora,Female,Germany
Karl,Male,Germany
Helena,Female,Germany
Jonathan,Male,Germany
Ava,Female,Germany
Noah,Male,Germany
Emma,Female,Germany
Paul,Male,Germany
Hannah,Female,Germany
Emil,Male,Germany
Mila,Female,Germany
Felix,Male,Germany
Ella,Female,Germany
Henry,Male,Germany
Clara,Female,Germany
Luis,Male,Germany
Lena,Female,Germany
Jonas,Male,Germany
Luisa,Female,Germany
Maximilian,Male,Germany
Amelie,Female,Germany
Matteo,Male,Germany
Frieda,Female,Germany
Oskar,Male,Germany
Mathilda,Female,Germany
Anton,Male,Germany
Lotta,Female,Germany
Leonard,Male,Germany
Johanna,Female,Germany
David,Male,Germany
Mia,Female,Germany
Leon,Male,Germany
Sophia,Female,Germany
Elias,Male,Germany
Emilia,Female,Germany
Finn,Male,Germany
Lina,Female,Germany
Theo,Male,Germany
Lea,Female,Germany
Luca,Male,Germany
Marie,Female,Germany
Liam,Male,Germany
Leni,Female,Germany
Ben,Male,Germany
Charlotte,Female,Germany
Milan,Male,Germany
Ida,Female,Germany
Jakob,Male,Germany
Greta,Female,Germany
Moritz,Male,Germany
Nora,Female,Germany
Karl,Male,Germany
Helena,Female,Germany
Jonathan,Male,Germany
Ava,Female,Germany
Noah,Male,Germany
Emma,Female,Germany
Paul,Male,Germany
Hannah,Female,Germany
Emil,Male,Germany
Mila,Female,Germany
Felix,Male,Germany
Ella,Female,Germany
Henry,Male,Germany
Clara,Female,Germany
Luis,Male,Germany
Lena,Female,Germany
Jonas,Male,Germany
Luisa,Female,Germany
Maximilian,Male,Germany
Amelie,Female,Germany
Matteo,Male,Germany
Frieda,Female,Germany
Oskar,Male,Germany
Mathilda,Female,Germany
Anton,Male,Germany
Lotta,Female,Germany
Leonard,Male,Germany
Johanna,Female,Germany
David,Male,Germany
Mia,Female,Germany
Leon,Male,Germany
Sophia,Female,Germany
Elias,Male,Germany
Emilia,Female,Germany
Finn,Male,Germany
Lina,Female,Germany
Theo,Male,Germany
Lea,Female,Germany
Luca,Male,Germany
Marie,Female,Germany
Liam,Male,Germany
Leni,Female,Germany
Ben,Male,Germany
Charlotte,Female,Germany
Milan,Male,Germany
Ida,Female,Germany
Jakob,Male,Germany
Greta,Female,Germany
Moritz,Male,Germany
Nora,Female,Germany
Karl,Male,Germany
Helena,Female,Germany
Jonathan,Male,Germany
Ava,Female,Germany
Noah,Male,Germany
Emma,Female,Germany
Paul,Male,Germany
Hannah,Female,Germany
Emil,Male,Germany
Mila,Female,Germany
Felix,Male,Germany
Ella,Female,Germany
Henry,Male,Germany
Clara,Female,Germany
Luis,Male,Germany
Lena,Female,Germany
Jonas,Male,Germany
Luisa,Female,Germany
Maximilian,Male,Germany
Amelie,Female,Germany
Matteo,Male,Germany
Frieda,Female,Germany
Oskar,Male,Germany
Mathilda,Female,Germany
Anton,Male,Germany
Lotta,Female,Germany
Leonard,Male,Germany
Johanna,Female,Germany
David,Male,Germany
Mia,Female,Germany
Leon,Male,Germany
Sophia,Female,Germany
Elias,Male,Germany
Emilia,Female,Germany
Finn,Male,Germany
Lina,Female,Germany
Theo,Male,Germany
Lea,Female,Germany
Luca,Male,Germany
Marie,Female,Germany
Liam,Male,Germany
Leni,Female,Germany
Ben,Male,Germany
Charlotte,Female,Germany
Milan,Male,Germany
Ida,Female,Germany
Jakob,Male,Germany
Greta,Female,Germany
Moritz,Male,Germany
Nora,Female,Germany
Karl,Male,Germany
Helena,Female,Germany
Jonathan,Male,Germany
Ava,Female,Germany
Noah,Male,Germany
Emma,Female,Germany
Paul,Male,Germany
Hannah,Female,Germany
Emil,Male,Germany
Mila,Female,Germany
Felix,Male,Germany
Ella,Female,Germany
Henry,Male,Germany
Clara,Female,Germany
Luis,Male,Germany
Lena,Female,Germany
Jonas,Male,Germany
Luisa,Female,Germany
Maximilian,Male,Germany
Amelie,Female,Germany
Matteo,Male,Germany
Frieda,Female,Germany
Oskar,Male,Germany
Mathilda,Female,Germany
Anton,Male,Germany
Lotta,Female,Germany
Leonard,Male,Germany
Johanna,Female,Germany
David,Male,Germany
Mia,Female,Germany
Leon,Male,Germany
Sophia,Female,Germany
Elias,Male,Germany
Emilia,Female,Germany
Finn,Male,Germany
Lina,Female,Germany
Theo,Male,Germany
Lea,Female,Germany
Luca,Male,Germany
Marie,Female,Germany
Liam,Male,Germany
Leni,Female,Germany
Ben,Male,Germany
Charlotte,Female,Germany
Milan,Male,Germany
Ida,Female,Germany
Jakob,Male,Germany
Greta,Female,Germany
Moritz,Male,Germany
Nora,Female,Germany
Karl,Male,Germany
Helena,Female,Germany
Jonathan,Male,Germany
Ava,Female,Germany
Noah,Male,Germany
Emma,Female,Germany
Paul,Male,Germany
Hannah,Female,Germany
Emil,Male,Germany
Mila,Female,Germany
Felix,Male,Germany
Ella,Female,Germany
Henry,Male,Germany
Clara,Female,Germany
Luis,Male,Germany
Lena,Female,Germany
Jonas,Male,Germany
Luisa,Female,Germany
Maximilian,Male,Germany
Amelie,Female,Germany
Matteo,Male,Germany
Frieda,Female,Germany
Oskar,Male,Germany
Mathilda,Female,Germany
Anton,Male,Germany
Lotta,Female,Germany
Leonard,Male,Germany
Johanna,Female,Germany
David,Male,Germany
Mia,Female,Germany
Leon,Male,Germany
Sophia,Female,Germany
Elias,Male,Germany
Emilia,Female,Germany
Finn,Male,Germany
Lina,Female,Germany
Theo,Male,Germany
Lea,Female,Germany
Luca,Male,Germany
Marie,Female,Germany
Liam,Male,Germany
Leni,Female,Germany
Ben,Male,Germany
Charlotte,Female,Germany
Milan,Male,Germany
Ida,Female,Germany
Jakob,Male,Germany
Greta,Female,Germany
Moritz,Male,Germany
Nora,Female,Germany
Karl,Male,Germany
Helena,Female,Germany
Jonathan,Male,Germany
Ava,Female,Germany
Noah,Male,Germany
Emma,Female,Germany
Paul,Male,Germany
Hannah,Female,Germany
Emil,Male,Germany
Mila,Female,Germany
Felix,Male,Germany
Ella,Female,Germany
Henry,Male,Germany
Clara,Female,Germany
Luis,Male,Germany
Lena,Female,Germany
Jonas,Male,Germany
Luisa,Female,Germany
Maximilian,Male,Germany
Amelie,Female,Germany
Matteo,Male,Germany
Frieda,Female,Germany
Oskar,Male,Germany
Mathilda,Female,Germany
Anton,Male,Germany
Lotta,Female,Germany
Leonard,Male,Germany
Johanna,Female,Germany
David,Male,Germany
Mia,Female,Germany
Leon,Male,Germany
Sophia,Female,Germany
Elias,Male,Germany
Emilia,Female,Germany
Finn,Male,Germany
Lina,Female,Germany
Theo,Male,Germany
Lea,Female,Germany
Luca,Male,Germany
Marie,Female,Germany
Liam,Male,Germany
Leni,Female,Germany
Ben,Male,Germany
Charlotte,Female,Germany
Milan,Male,Germany
Ida,Female,Germany
Jakob,Male,Germany
Greta,Female,Germany
Moritz,Male,Germany
Nora,Female,Germany
Karl,Male,Germany
Helena,Female,Germany
Jonathan,Male,Germany
Ava,Female,Germany
Noah,Male,Germany
Emma,Female,Germany
Paul,Male,Germany
Hannah,Female,Germany
Emil,Male,Germany
Mila,Female,Germany
Felix,Male,Germany
Ella,Female,Germany
Henry,Male,Germany
Clara,Female,Germany
Luis,Male,Germany
Lena,Female,Germany
Jonas,Male,Germany
Luisa,Female,Germany
Maximilian,Male,Germany
Amelie,Female,Germany
Matteo,Male,Germany
Frieda,Female,Germany
Oskar,Male,Germany
Mathilda,Female,Germany
Anton,Male,Germany
Lotta,Female,Germany
Leonard,Male,Germany
Johanna,Female,Germany
David,Male,Germany
Mia,Female,Germany
Leon,Male,Germany
Sophia,Female,Germany
Elias,Male,Germany
Emilia,Female,Germany
Finn,Male,Germany
Lina,Female,Germany
Theo,Male,Germany
Lea,Female,Germany
Luca,Male,Germany
Marie,Female,Germany
Liam,Male,Germany
Leni,Female,Germany
Ben,Male,Germany
Charlotte,Female,Germany
Milan,Male,Germany
Ida,Female,Germany
Jakob,Male,Germany
Greta,Female,Germany
Moritz,Male,Germany
Nora,Female,Germany
Karl,Male,Germany
Helena,Female,Germany
Jonathan,Male,Germany
Ava,Female,Germany
Noah,Male,Germany
Emma,Female,Germany
Paul,Male,Germany
Hannah,Female,Germany
Emil,Male,Germany
Mila,Female,Germany
Felix,Male,Germany
Ella,Female,Germany
Henry,Male,Germany
Clara,Female,Germany
Luis,Male,Germany
Lena,Female,Germany
Jonas,Male,Germany
Luisa,Female,Germany
Maximilian,Male,Germany
Amelie,Female,Germany
Matteo,Male,Germany
Frieda,Female,Germany
Oskar,Male,Germany
Mathilda,Female,Germany
Anton,Male,Germany
Lotta,Female,Germany
Leonard,Male,Germany
Johanna,Female,Germany
David,Male,Germany
Mia,Female,Germany
Leon,Male,Germany
Sophia,Female,Germany
Elias,Male,Germany
Emilia,Female,Germany
Finn,Male,Germany
Lina,Female,Germany
Theo,Male,Germany
Lea,Female,Germany
Luca,Male,Germany
Marie,Female,Germany
Liam,Male,Germany
Leni,Female,Germany
Ben,Male,Germany
Charlotte,Female,Germany
Milan,Male,Germany
Ida,Female,Germany
Jakob,Male,Germany
Greta,Female,Germany
Moritz,Male,Germany
Nora,Female,Germany
Karl,Male,Germany
Helena,Female,Germany
Jonathan,Male,Germany
Ava,Female,Germany
Noah,Male,Germany
Emma,Female,Germany
Paul,Male,Germany
Hannah,Female,Germany
Emil,Male,Germany
Mila,Female,Germany
Felix,Male,Germany
Ella,Female,Germany
Henry,Male,Germany
Clara,Female,Germany
Luis,Male,Germany
Lena,Female,Germany
Jonas,Male,Germany
Luisa,Female,Germany
Maximilian,Male,Germany
Amelie,Female,Germany
Matteo,Male,Germany
Frieda,Female,Germany
Oskar,Male,Germany
Mathilda,Female,Germany
Anton,Male,Germany
Lotta,Female,Germany
Leonard,Male,Germany
Johanna,Female,Germany
David,Male,Germany
Mia,Female,Germany
Leon,Male,Germany
Sophia,Female,Germany
Elias,Male,Germany
Emilia,Female,Germany
Finn,Male,Germany
Lina,Female,Germany
Theo,Male,Germany
Lea,Female,Germany
Luca,Male,Germany
Marie,Female,Germany
Liam,Male,Germany
Leni,Female,Germany
Ben,Male,Germany
Charlotte,Female,Germany
Milan,Male,Germany
Ida,Female,Germany
Jakob,Male,Germany
Greta,Female,Germany
Moritz,Male,Germany
Nora,Female,Germany
Karl,Male,Germany
Helena,Female,Germany
Jonathan,Male,Germany
Ava,Female,Germany
Noah,Male,Germany
Emma,Female,Germany
Paul,Male,Germany
Hannah,Female,Germany
Emil,Male,Germany
Mila,Female,Germany
Felix,Male,Germany
Ella,Female,Germany
Henry,Male,Germany
Clara,Female,Germany
Luis,Male,Germany
Lena,Female,Germany
Jonas,Male,Germany
Luisa,Female,Germany
Maximilian,Male,Germany
Amelie,Female,Germany
Matteo,Male,Germany
Frieda,Female,Germany
Oskar,Male,Germany
Mathilda,Female,Germany
Anton,Male,Germany
Lotta,Female,Germany
Leonard,Male,Germany
Johanna,Female,Germany
David,Male,Germany
Mia,Female,Germany
Leon,Male,Germany
Sophia,Female,Germany
Elias,Male,Germany
Emilia,Female,Germany
Finn,Male,Germany
Lina,Female,Germany
Theo,Male,Germany
Lea,Female,Germany
Luca,Male,Germany
Marie,Female,Germany
Liam,Male,Germany
Leni,Female,Germany
Ben,Male,Germany
Charlotte,Female,Germany
Milan,Male,Germany
Ida,Female,Germany
Jakob,Male,Germany
Greta,Female,Germany
Moritz,Male,Germany
Nora,Female,Germany
Karl,Male,Germany
Helena,Female,Germany
Jonathan,Male,Germany
Ava,Female,Germany
Gabriel,Male,France
Jade,Female,France
Léo,Male,France
Alice,Female,France
Noah,Male,France
Rose,Female,France
Arthur,Male,France
Chloé,Female,France
Lucas,Male,France
Léa,Female,France
Maël,Male,France
Julia,Female,France
Mohamed,Male,France
Zoé,Female,France
Tom,Male,France
Agathe,Female,France
Théo,Male,France
Romane,Female,France
Isaac,Male,France
Léna,Female,France
Enzo,Male,France
Manon,Female,France
Maxime,Male,France
Jeanne,Female,France
Timéo,Male,France
Emma,Female,France
Raphaël,Male,France
Louise,Female,France
Louis,Male,France
Ambre,Female,France
Jules,Male,France
Lina,Female,France
Adam,Male,France
Mia,Female,France
Hugo,Male,France
Anna,Female,France
Nathan,Male,France
Inès,Female,France
Sacha,Male,France
Lou,Female,France
Paul,Male,France
Eva,Female,France
Gaspard,Male,France
Camille,Female,France
Nolan,Male,France
Sarah,Female,France
Antoine,Male,France
Olivia,Female,France
Baptiste,Male,France
Adèle,Female,France
Gabriel,Male,France
Jade,Female,France
Léo,Male,France
Alice,Female,France
Noah,Male,France
Rose,Female,France
Arthur,Male,France
Chloé,Female,France
Lucas,Male,France
Léa,Female,France
Maël,Male,France
Julia,Female,France
Mohamed,Male,France
Zoé,Female,France
Tom,Male,France
Agathe,Female,France
Théo,Male,France
Romane,Female,France
Isaac,Male,France
Léna,Female,France
Enzo,Male,France
Manon,Female,France
Maxime,Male,France
Jeanne,Female,France
Timéo,Male,France
Emma,Female,France
Raphaël,Male,France
Louise,Female,France
Louis,Male,France
Ambre,Female,France
Jules,Male,France
Lina,Female,France
Adam,Male,France
Mia,Female,France
Hugo,Male,France
Anna,Female,France
Nathan,Male,France
Inès,Female,France
Sacha,Male,France
Lou,Female,France
Paul,Male,France
Eva,Female,France
Gaspard,Male,France
Camille,Female,France
Nolan,Male,France
Sarah,Female,France
Antoine,Male,France
Olivia,Female,France
Baptiste,Male,France
Adèle,Female,France
Gabriel,Male,France
Jade,Female,France
Léo,Male,France
Alice,Female,France
Noah,Male,France
Rose,Female,France
Arthur,Male,France
Chloé,Female,France
Lucas,Male,France
Léa,Female,France
Maël,Male,France
Julia,Female,France
Mohamed,Male,France
Zoé,Female,France
Tom,Male,France
Agathe,Female,France
Théo,Male,France
Romane,Female,France
Isaac,Male,France
Léna,Female,France
Enzo,Male,France
Manon,Female,France
Maxime,Male,France
Jeanne,Female,France
Timéo,Male,France
Emma,Female,France
Raphaël,Male,France
Louise,Female,France
Louis,Male,France
Ambre,Female,France
Jules,Male,France
Lina,Female,France
Adam,Male,France
Mia,Female,France
Hugo,Male,France
Anna,Female,France
Nathan,Male,France
Inès,Female,France
Sacha,Male,France
Lou,Female,France
Paul,Male,France
Eva,Female,France
Gaspard,Male,France
Camille,Female,France
Nolan,Male,France
Sarah,Female,France
Antoine,Male,France
Olivia,Female,France
Baptiste,Male,France
Adèle,Female,France
Gabriel,Male,France
Jade,Female,France
Léo,Male,France
Alice,Female,France
Noah,Male,France
Rose,Female,France
Arthur,Male,France
Chloé,Female,France
Lucas,Male,France
Léa,Female,France
Maël,Male,France
Julia,Female,France
Mohamed,Male,France
Zoé,Female,France
Tom,Male,France
Agathe,Female,France
Théo,Male,France
Romane,Female,France
Isaac,Male,France
Léna,Female,France
Enzo,Male,France
Manon,Female,France
Maxime,Male,France
Jeanne,Female,France
Timéo,Male,France
Emma,Female,France
Raphaël,Male,France
Louise,Female,France
Louis,Male,France
Ambre,Female,France
Jules,Male,France
Lina,Female,France
Adam,Male,France
Mia,Female,France
Hugo,Male,France
Anna,Female,France
Nathan,Male,France
Inès,Female,France
Sacha,Male,France
Lou,Female,France
Paul,Male,France
Eva,Female,France
Gaspard,Male,France
Camille,Female,France
Nolan,Male,France
Sarah,Female,France
Antoine,Male,France
Olivia,Female,France
Baptiste,Male,France
Adèle,Female,France
Gabriel,Male,France
Jade,Female,France
Léo,Male,France
Alice,Female,France
Noah,Male,France
Rose,Female,France
Arthur,Male,France
Chloé,Female,France
Lucas,Male,France
Léa,Female,France
Maël,Male,France
Julia,Female,France
Mohamed,Male,France
Zoé,Female,France
Tom,Male,France
Agathe,Female,France
Théo,Male,France
Romane,Female,France
Isaac,Male,France
Léna,Female,France
Enzo,Male,France
Manon,Female,France
Maxime,Male,France
Jeanne,Female,France
Timéo,Male,France
Emma,Female,France
Raphaël,Male,France
Louise,Female,France
Louis,Male,France
Ambre,Female,France
Jules,Male,France
Lina,Female,France
Adam,Male,France
Mia,Female,France
Hugo,Male,France
Anna,Female,France
Nathan,Male,France
Inès,Female,France
Sacha,Male,France
Lou,Female,France
Paul,Male,France
Eva,Female,France
Gaspard,Male,France
Camille,Female,France
Nolan,Male,France
Sarah,Female,France
Antoine,Male,France
Olivia,Female,France
Baptiste,Male,France
Adèle,Female,France
Gabriel,Male,France
Jade,Female,France
Léo,Male,France
Alice,Female,France
Noah,Male,France
Rose,Female,France
Arthur,Male,France
Chloé,Female,France
Lucas,Male,France
Léa,Female,France
Maël,Male,France
Julia,Female,France
Mohamed,Male,France
Zoé,Female,France
Tom,Male,France
Agathe,Female,France
Théo,Male,France
Romane,Female,France
Isaac,Male,France
Léna,Female,France
Enzo,Male,France
Manon,Female,France
Maxime,Male,France
Jeanne,Female,France
Timéo,Male,France
Emma,Female,France
Raphaël,Male,France
Louise,Female,France
Louis,Male,France
Ambre,Female,France
Jules,Male,France
Lina,Female,France
Adam,Male,France
Mia,Female,France
Hugo,Male,France
Anna,Female,France
Nathan,Male,France
Inès,Female,France
Sacha,Male,France
Lou,Female,France
Paul,Male,France
Eva,Female,France
Gaspard,Male,France
Camille,Female,France
Nolan,Male,France
Sarah,Female,France
Antoine,Male,France
Olivia,Female,France
Baptiste,Male,France
Adèle,Female,France
Gabriel,Male,France
Jade,Female,France
Léo,Male,France
Alice,Female,France
Noah,Male,France
Rose,Female,France
Arthur,Male,France
Chloé,Female,France
Lucas,Male,France
Léa,Female,France
Maël,Male,France
Julia,Female,France
Mohamed,Male,France
Zoé,Female,France
Tom,Male,France
Agathe,Female,France
Théo,Male,France
Romane,Female,France
Isaac,Male,France
Léna,Female,France
Enzo,Male,France
Manon,Female,France
Maxime,Male,France
Jeanne,Female,France
Timéo,Male,France
Emma,Female,France
Raphaël,Male,France
Louise,Female,France
Louis,Male,France
Ambre,Female,France
Jules,Male,France
Lina,Female,France
Adam,Male,France
Mia,Female,France
Hugo,Male,France
Anna,Female,France
Nathan,Male,France
Inès,Female,France
Sacha,Male,France
Lou,Female,France
Paul,Male,France
Eva,Female,France
Gaspard,Male,France
Camille,Female,France
Nolan,Male,France
Sarah,Female,France
Antoine,Male,France
Olivia,Female,France
Baptiste,Male,France
Adèle,Female,France
Gabriel,Male,France
Jade,Female,France
Léo,Male,France
Alice,Female,France
Noah,Male,France
Rose,Female,France
Arthur,Male,France
Chloé,Female,France
Lucas,Male,France
Léa,Female,France
Maël,Male,France
Julia,Female,France
Mohamed,Male,France
Zoé,Female,France
Tom,Male,France
Agathe,Female,France
Théo,Male,France
Romane,Female,France
Isaac,Male,France
Léna,Female,France
Enzo,Male,France
Manon,Female,France
Maxime,Male,France
Jeanne,Female,France
Timéo,Male,France
Emma,Female,France
Raphaël,Male,France
Louise,Female,France
Louis,Male,France
Ambre,Female,France
Jules,Male,France
Lina,Female,France
Adam,Male,France
Mia,Female,France
Hugo,Male,France
Anna,Female,France
Nathan,Male,France
Inès,Female,France
Sacha,Male,France
Lou,Female,France
Paul,Male,France
Eva,Female,France
Gaspard,Male,France
Camille,Female,France
Nolan,Male,France
Sarah,Female,France
Antoine,Male,France
Olivia,Female,France
Baptiste,Male,France
Adèle,Female,France
Gabriel,Male,France
Jade,Female,France
Léo,Male,France
Alice,Female,France
Noah,Male,France
Rose,Female,France
Arthur,Male,France
Chloé,Female,France
Lucas,Male,France
Léa,Female,France
Maël,Male,France
Julia,Female,France
Mohamed,Male,France
Zoé,Female,France
Tom,Male,France
Agathe,Female,France
Théo,Male,France
Romane,Female,France
Isaac,Male,France
Léna,Female,France
Enzo,Male,France
Manon,Female,France
Maxime,Male,France
Jeanne,Female,France
Timéo,Male,France
Emma,Female,France
Raphaël,Male,France
Louise,Female,France
Louis,Male,France
Ambre,Female,France
Jules,Male,France
Lina,Female,France
Adam,Male,France
Mia,Female,France
Hugo,Male,France
Anna,Female,France
Nathan,Male,France
Inès,Female,France
Sacha,Male,France
Lou,Female,France
Paul,Male,France
Eva,Female,France
Gaspard,Male,France
Camille,Female,France
Nolan,Male,France
Sarah,Female,France
Antoine,Male,France
Olivia,Female,France
Baptiste,Male,France
Adèle,Female,France
Gabriel,Male,France
Jade,Female,France
Léo,Male,France
Alice,Female,France
Noah,Male,France
Rose,Female,France
Arthur,Male,France
Chloé,Female,France
Lucas,Male,France
Léa,Female,France
Maël,Male,France
Julia,Female,France
Mohamed,Male,France
Zoé,Female,France
Tom,Male,France
Agathe,Female,France
Théo,Male,France
Romane,Female,France
Isaac,Male,France
Léna,Female,France
Enzo,Male,France
Manon,Female,France
Maxime,Male,France
Jeanne,Female,France
Timéo,Male,France
Emma,Female,France
Raphaël,Male,France
Louise,Female,France
Louis,Male,France
Ambre,Female,France
Jules,Male,France
Lina,Female,France
Adam,Male,France
Mia,Female,France
Hugo,Male,France
Anna,Female,France
Nathan,Male,France
Inès,Female,France
Sacha,Male,France
Lou,Female,France
Paul,Male,France
Eva,Female,France
Gaspard,Male,France
Camille,Female,France
Nolan,Male,France
Sarah,Female,France
Antoine,Male,France
Olivia,Female,France
Baptiste,Male,France
Adèle,Female,France
Gabriel,Male,France
Jade,Female,France
Léo,Male,France
Alice,Female,France
Noah,Male,France
Rose,Female,France
Arthur,Male,France
Chloé,Female,France
Lucas,Male,France
Léa,Female,France
Maël,Male,France
Julia,Female,France
Mohamed,Male,France
Zoé,Female,France
Tom,Male,France
Agathe,Female,France
Théo,Male,France
Romane,Female,France
Isaac,Male,France
Léna,Female,France
Enzo,Male,France
Manon,Female,France
Maxime,Male,France
Jeanne,Female,France
Timéo,Male,France
Emma,Female,France
Raphaël,Male,France
Louise,Female,France
Louis,Male,France
Ambre,Female,France
Jules,Male,France
Lina,Female,France
Adam,Male,France
Mia,Female,France
Hugo,Male,France
Anna,Female,France
Nathan,Male,France
Inès,Female,France
Sacha,Male,France
Lou,Female,France
Paul,Male,France
Eva,Female,France
Gaspard,Male,France
Camille,Female,France
Nolan,Male,France
Sarah,Female,France
Antoine,Male,France
Olivia,Female,France
Baptiste,Male,France
Adèle,Female,France
Gabriel,Male,France
Jade,Female,France
Léo,Male,France
Alice,Female,France
Noah,Male,France
Rose,Female,France
Arthur,Male,France
Chloé,Female,France
Lucas,Male,France
Léa,Female,France
Maël,Male,France
Julia,Female,France
Mohamed,Male,France
Zoé,Female,France
Tom,Male,France
Agathe,Female,France
Théo,Male,France
Romane,Female,France
Isaac,Male,France
Léna,Female,France
Enzo,Male,France
Manon,Female,France
Maxime,Male,France
Jeanne,Female,France
Timéo,Male,France
Emma,Female,France
Raphaël,Male,France
Louise,Female,France
Louis,Male,France
Ambre,Female,France
Jules,Male,France
Lina,Female,France
Adam,Male,France
Mia,Female,France
Hugo,Male,France
Anna,Female,France
Nathan,Male,France
Inès,Female,France
Sacha,Male,France
Lou,Female,France
Paul,Male,France
Eva,Female,France
Gaspard,Male,France
Camille,Female,France
Nolan,Male,France
Sarah,Female,France
Antoine,Male,France
Olivia,Female,France
Baptiste,Male,France
Adèle,Female,France
Gabriel,Male,France
Jade,Female,France
Léo,Male,France
Alice,Female,France
Noah,Male,France
Rose,Female,France
Arthur,Male,France
Chloé,Female,France
Lucas,Male,France
Léa,Female,France
Maël,Male,France
Julia,Female,France
Mohamed,Male,France
Zoé,Female,France
Tom,Male,France
Agathe,Female,France
Théo,Male,France
Romane,Female,France
Isaac,Male,France
Léna,Female,France
Enzo,Male,France
Manon,Female,France
Maxime,Male,France
Jeanne,Female,France
Timéo,Male,France
Emma,Female,France
Raphaël,Male,France
Louise,Female,France
Louis,Male,France
Ambre,Female,France
Jules,Male,France
Lina,Female,France
Adam,Male,France
Mia,Female,France
Hugo,Male,France
Anna,Female,France
Nathan,Male,France
Inès,Female,France
Sacha,Male,France
Lou,Female,France
Paul,Male,France
Eva,Female,France
Gaspard,Male,France
Camille,Female,France
Nolan,Male,France
Sarah,Female,France
Antoine,Male,France
Olivia,Female,France
Baptiste,Male,France
Adèle,Female,France
Gabriel,Male,France
Jade,Female,France
Léo,Male,France
Alice,Female,France
Noah,Male,France
Rose,Female,France
Arthur,Male,France
Chloé,Female,France
Lucas,Male,France
Léa,Female,France
Maël,Male,France
Julia,Female,France
Mohamed,Male,France
Zoé,Female,France
Tom,Male,France
Agathe,Female,France
Théo,Male,France
Romane,Female,France
Isaac,Male,France
Léna,Female,France
Enzo,Male,France
Manon,Female,France
Maxime,Male,France
Jeanne,Female,France
Timéo,Male,France
Emma,Female,France
Raphaël,Male,France
Louise,Female,France
Louis,Male,France
Ambre,Female,France
Jules,Male,France
Lina,Female,France
Adam,Male,France
Mia,Female,France
Hugo,Male,France
Anna,Female,France
Nathan,Male,France
Inès,Female,France
Sacha,Male,France
Lou,Female,France
Paul,Male,France
Eva,Female,France
Gaspard,Male,France
Camille,Female,France
Nolan,Male,France
Sarah,Female,France
Antoine,Male,France
Olivia,Female,France
Baptiste,Male,France
Adèle,Female,France
Gabriel,Male,France
Jade,Female,France
Léo,Male,France
Alice,Female,France
Noah,Male,France
Rose,Female,France
Arthur,Male,France
Chloé,Female,France
Lucas,Male,France
Léa,Female,France
Maël,Male,France
Julia,Female,France
Mohamed,Male,France
Zoé,Female,France
Tom,Male,France
Agathe,Female,France
Théo,Male,France
Romane,Female,France
Isaac,Male,France
Léna,Female,France
Enzo,Male,France
Manon,Female,France
Maxime,Male,France
Jeanne,Female,France
Timéo,Male,France
Emma,Female,France
Raphaël,Male,France
Louise,Female,France
Louis,Male,France
Ambre,Female,France
Jules,Male,France
Lina,Female,France
Adam,Male,France
Mia,Female,France
Hugo,Male,France
Anna,Female,France
Nathan,Male,France
Inès,Female,France
Sacha,Male,France
Lou,Female,France
Paul,Male,France
Eva,Female,France
Gaspard,Male,France
Camille,Female,France
Nolan,Male,France
Sarah,Female,France
Antoine,Male,France
Olivia,Female,France
Baptiste,Male,France
Adèle,Female,France
Gabriel,Male,France
Jade,Female,France
Léo,Male,France
Alice,Female,France
Noah,Male,France
Rose,Female,France
Arthur,Male,France
Chloé,Female,France
Lucas,Male,France
Léa,Female,France
Maël,Male,France
Julia,Female,France
Mohamed,Male,France
Zoé,Female,France
Tom,Male,France
Agathe,Female,France
Théo,Male,France
Romane,Female,France
Isaac,Male,France
Léna,Female,France
Enzo,Male,France
Manon,Female,France
Maxime,Male,France
Jeanne,Female,France
Timéo,Male,France
Emma,Female,France
Raphaël,Male,France
Louise,Female,France
Louis,Male,France
Ambre,Female,France
Jules,Male,France
Lina,Female,France
Adam,Male,France
Mia,Female,France
Hugo,Male,France
Anna,Female,France
Nathan,Male,France
Inès,Female,France
Sacha,Male,France
Lou,Female,France
Paul,Male,France
Eva,Female,France
Gaspard,Male,France
Camille,Female,France
Nolan,Male,France
Sarah,Female,France
Antoine,Male,France
Olivia,Female,France
Baptiste,Male,France
Adèle,Female,France
Gabriel,Male,France
Jade,Female,France
Léo,Male,France
Alice,Female,France
Noah,Male,France
Rose,Female,France
Arthur,Male,France
Chloé,Female,France
Lucas,Male,France
Léa,Female,France
Maël,Male,France
Julia,Female,France
Mohamed,Male,France
Zoé,Female,France
Tom,Male,France
Agathe,Female,France
Théo,Male,France
Romane,Female,France
Isaac,Male,France
Léna,Female,France
Enzo,Male,France
Manon,Female,France
Maxime,Male,France
Jeanne,Female,France
Timéo,Male,France
Emma,Female,France
Raphaël,Male,France
Louise,Female,France
Louis,Male,France
Ambre,Female,France
Jules,Male,France
Lina,Female,France
Adam,Male,France
Mia,Female,France
Hugo,Male,France
Anna,Female,France
Nathan,Male,France
Inès,Female,France
Sacha,Male,France
Lou,Female,France
Paul,Male,France
Eva,Female,France
Gaspard,Male,France
Camille,Female,France
Nolan,Male,France
Sarah,Female,France
Antoine,Male,France
Olivia,Female,France
Baptiste,Male,France
Adèle,Female,France
Gabriel,Male,France
Jade,Female,France
Léo,Male,France
Alice,Female,France
Noah,Male,France
Rose,Female,France
Arthur,Male,France
Chloé,Female,France
Lucas,Male,France
Léa,Female,France
Maël,Male,France
Julia,Female,France
Mohamed,Male,France
Zoé,Female,France
Tom,Male,France
Agathe,Female,France
Théo,Male,France
Romane,Female,France
Isaac,Male,France
Léna,Female,France
Enzo,Male,France
Manon,Female,France
Maxime,Male,France
Jeanne,Female,France
Timéo,Male,France
Emma,Female,France
Raphaël,Male,France
Louise,Female,France
Louis,Male,France
Ambre,Female,France
Jules,Male,France
Lina,Female,France
Adam,Male,France
Mia,Female,France
Hugo,Male,France
Anna,Female,France
Nathan,Male,France
Inès,Female,France
Sacha,Male,France
Lou,Female,France
Paul,Male,France
Eva,Female,France
Gaspard,Male,France
Camille,Female,France
Nolan,Male,France
Sarah,Female,France
Antoine,Male,France
Olivia,Female,France
Baptiste,Male,France
Adèle,Female,France
Gabriel,Male,France
Jade,Female,France
Léo,Male,France
Alice,Female,France
Noah,Male,France
Rose,Female,France
Arthur,Male,France
Chloé,Female,France
Lucas,Male,France
Léa,Female,France
Maël,Male,France
Julia,Female,France
Mohamed,Male,France
Zoé,Female,France
Tom,Male,France
Agathe,Female,France
Théo,Male,France
Romane,Female,France
Isaac,Male,France
Léna,Female,France
Enzo,Male,France
Manon,Female,France
Maxime,Male,France
Jeanne,Female,France
Timéo,Male,France
Emma,Female,France
Raphaël,Male,France
Louise,Female,France
Louis,Male,France
Ambre,Female,France
Jules,Male,France
Lina,Female,France
Adam,Male,France
Mia,Female,France
Hugo,Male,France
Anna,Female,France
Nathan,Male,France
Inès,Female,France
Sacha,Male,France
Lou,Female,France
Paul,Male,France
Eva,Female,France
Gaspard,Male,France
Camille,Female,France
Nolan,Male,France
Sarah,Female,France
Antoine,Male,France
Olivia,Female,France
Baptiste,Male,France
Adèle,Female,France
Gabriel,Male,France
Jade,Female,France
Léo,Male,France
Alice,Female,France
Noah,Male,France
Rose,Female,France
Arthur,Male,France
Chloé,Female,France
Lucas,Male,France
Léa,Female,France
Maël,Male,France
Julia,Female,France
Mohamed,Male,France
Zoé,Female,France
Tom,Male,France
Agathe,Female,France
Théo,Male,France
Romane,Female,France
Isaac,Male,France
Léna,Female,France
Enzo,Male,France
Manon,Female,France
Maxime,Male,France
Jeanne,Female,France
Timéo,Male,France
Emma,Female,France
Raphaël,Male,France
Louise,Female,France
Louis,Male,France
Ambre,Female,France
Jules,Male,France
Lina,Female,France
Adam,Male,France
Mia,Female,France
Hugo,Male,France
Anna,Female,France
Nathan,Male,France
Inès,Female,France
Sacha,Male,France
Lou,Female,France
Paul,Male,France
Eva,Female,France
Gaspard,Male,France
Camille,Female,France
Nolan,Male,France
Sarah,Female,France
Antoine,Male,France
Olivia,Female,France
Baptiste,Male,France
Adèle,Female,France
Noah,Male,Netherlands
Julia,Female,Netherlands
Lucas,Male,Netherlands
Mila,Female,Netherlands
Sem,Male,Netherlands
Nora,Female,Netherlands
Finn,Male,Netherlands
Sara,Female,Netherlands
Luuk,Male,Netherlands
Yara,Female,Netherlands
Noud,Male,Netherlands
Evi,Female,Netherlands
Thijs,Male,Netherlands
Noor,Female,Netherlands
Julian,Male,Netherlands
Luna,Female,Netherlands
Siem,Male,Netherlands
Anna,Female,Netherlands
Jens,Male,Netherlands
Isabella,Female,Netherlands
Hugo,Male,Netherlands
Maud,Female,Netherlands
Benjamin,Male,Netherlands
Liz,Female,Netherlands
James,Male,Netherlands
Emma,Female,Netherlands
Liam,Male,Netherlands
Sophie,Female,Netherlands
Daan,Male,Netherlands
Tess,Female,Netherlands
Levi,Male,Netherlands
Olivia,Female,Netherlands
Milan,Male,Netherlands
Zoë,Female,Netherlands
Mees,Male,Netherlands
Eva,Female,Netherlands
Max,Male,Netherlands
Lotte,Female,Netherlands
Bram,Male,Netherlands
Fleur,Female,Netherlands
Mats,Male,Netherlands
Liv,Female,Netherlands
Sam,Male,Netherlands
Lauren,Female,Netherlands
Ties,Male,Netherlands
Saar,Female,Netherlands
Olivier,Male,Netherlands
Lina,Female,Netherlands
Teun,Male,Netherlands
Isabel,Female,Netherlands
Noah,Male,Netherlands
Julia,Female,Netherlands
Lucas,Male,Netherlands
Mila,Female,Netherlands
Sem,Male,Netherlands
Nora,Female,Netherlands
Finn,Male,Netherlands
Sara,Female,Netherlands
Luuk,Male,Netherlands
Yara,Female,Netherlands
Noud,Male,Netherlands
Evi,Female,Netherlands
Thijs,Male,Netherlands
Noor,Female,Netherlands
Julian,Male,Netherlands
Luna,Female,Netherlands
Siem,Male,Netherlands
Anna,Female,Netherlands
Jens,Male,Netherlands
Isabella,Female,Netherlands
Hugo,Male,Netherlands
Maud,Female,Netherlands
Benjamin,Male,Netherlands
Liz,Female,Netherlands
James,Male,Netherlands
Emma,Female,Netherlands
Liam,Male,Netherlands
Sophie,Female,Netherlands
Daan,Male,Netherlands
Tess,Female,Netherlands
Levi,Male,Netherlands
Olivia,Female,Netherlands
Milan,Male,Netherlands
Zoë,Female,Netherlands
Mees,Male,Netherlands
Eva,Female,Netherlands
Max,Male,Netherlands
Lotte,Female,Netherlands
Bram,Male,Netherlands
Fleur,Female,Netherlands
Mats,Male,Netherlands
Liv,Female,Netherlands
Sam,Male,Netherlands
Lauren,Female,Netherlands
Ties,Male,Netherlands
Saar,Female,Netherlands
Olivier,Male,Netherlands
Lina,Female,Netherlands
Teun,Male,Netherlands
Isabel,Female,Netherlands
Noah,Male,Netherlands
Julia,Female,Netherlands
Lucas,Male,Netherlands
Mila,Female,Netherlands
Sem,Male,Netherlands
Nora,Female,Netherlands
Finn,Male,Netherlands
Sara,Female,Netherlands
Luuk,Male,Netherlands
Yara,Female,Netherlands
Noud,Male,Netherlands
Evi,Female,Netherlands
Thijs,Male,Netherlands
Noor,Female,Netherlands
Julian,Male,Netherlands
Luna,Female,Netherlands
Siem,Male,Netherlands
Anna,Female,Netherlands
Jens,Male,Netherlands
Isabella,Female,Netherlands
Hugo,Male,Netherlands
Maud,Female,Netherlands
Benjamin,Male,Netherlands
Liz,Female,Netherlands
James,Male,Netherlands
Emma,Female,Netherlands
Liam,Male,Netherlands
Sophie,Female,Netherlands
Daan,Male,Netherlands
Tess,Female,Netherlands
Levi,Male,Netherlands
Olivia,Female,Netherlands
Milan,Male,Netherlands
Zoë,Female,Netherlands
Mees,Male,Netherlands
Eva,Female,Netherlands
Max,Male,Netherlands
Lotte,Female,Netherlands
Bram,Male,Netherlands
Fleur,Female,Netherlands
Mats,Male,Netherlands
Liv,Female,Netherlands
Sam,Male,Netherlands
Lauren,Female,Netherlands
Ties,Male,Netherlands
Saar,Female,Netherlands
Olivier,Male,Netherlands
Lina,Female,Netherlands
Teun,Male,Netherlands
Isabel,Female,Netherlands
Noah,Male,Netherlands
Julia,Female,Netherlands
Lucas,Male,Netherlands
Mila,Female,Netherlands
Sem,Male,Netherlands
Nora,Female,Netherlands
Finn,Male,Netherlands
Sara,Female,Netherlands
Luuk,Male,Netherlands
Yara,Female,Netherlands
Noud,Male,Netherlands
Evi,Female,Netherlands
Thijs,Male,Netherlands
Noor,Female,Netherlands
Julian,Male,Netherlands
Luna,Female,Netherlands
Siem,Male,Netherlands
Anna,Female,Netherlands
Jens,Male,Netherlands
Isabella,Female,Netherlands
Hugo,Male,Netherlands
Maud,Female,Netherlands
Benjamin,Male,Netherlands
Liz,Female,Netherlands
James,Male,Netherlands
Emma,Female,Netherlands
Liam,Male,Netherlands
Sophie,Female,Netherlands
Daan,Male,Netherlands
Tess,Female,Netherlands
Levi,Male,Netherlands
Olivia,Female,Netherlands
Milan,Male,Netherlands
Zoë,Female,Netherlands
Mees,Male,Netherlands
Eva,Female,Netherlands
Max,Male,Netherlands
Lotte,Female,Netherlands
Bram,Male,Netherlands
Fleur,Female,Netherlands
Mats,Male,Netherlands
Liv,Female,Netherlands
Sam,Male,Netherlands
Lauren,Female,Netherlands
Ties,Male,Netherlands
Saar,Female,Netherlands
Olivier,Male,Netherlands
Lina,Female,Netherlands
Teun,Male,Netherlands
Isabel,Female,Netherlands
Noah,Male,Netherlands
Julia,Female,Netherlands
Lucas,Male,Netherlands
Mila,Female,Netherlands
Sem,Male,Netherlands
Nora,Female,Netherlands
Finn,Male,Netherlands
Sara,Female,Netherlands
Luuk,Male,Netherlands
Yara,Female,Netherlands
Noud,Male,Netherlands
Evi,Female,Netherlands
Thijs,Male,Netherlands
Noor,Female,Netherlands
Julian,Male,Netherlands
Luna,Female,Netherlands
Siem,Male,Netherlands
Anna,Female,Netherlands
Jens,Male,Netherlands
Isabella,Female,Netherlands
Hugo,Male,Netherlands
Maud,Female,Netherlands
Benjamin,Male,Netherlands
Liz,Female,Netherlands
James,Male,Netherlands
Emma,Female,Netherlands
Liam,Male,Netherlands
Sophie,Female,Netherlands
Daan,Male,Netherlands
Tess,Female,Netherlands
Levi,Male,Netherlands
Olivia,Female,Netherlands
Milan,Male,Netherlands
Zoë,Female,Netherlands
Mees,Male,Netherlands
Eva,Female,Netherlands
Max,Male,Netherlands
Lotte,Female,Netherlands
Bram,Male,Netherlands
Fleur,Female,Netherlands
Mats,Male,Netherlands
Liv,Female,Netherlands
Sam,Male,Netherlands
Lauren,Female,Netherlands
Ties,Male,Netherlands
Saar,Female,Netherlands
Olivier,Male,Netherlands
Lina,Female,Netherlands
Teun,Male,Netherlands
Isabel,Female,Netherlands
Noah,Male,Netherlands
Julia,Female,Netherlands
Lucas,Male,Netherlands
Mila,Female,Netherlands
Sem,Male,Netherlands
Nora,Female,Netherlands
Finn,Male,Netherlands
Sara,Female,Netherlands
Luuk,Male,Netherlands
Yara,Female,Netherlands
Noud,Male,Netherlands
Evi,Female,Netherlands
Thijs,Male,Netherlands
Noor,Female,Netherlands
Julian,Male,Netherlands
Luna,Female,Netherlands
Siem,Male,Netherlands
Anna,Female,Netherlands
Jens,Male,Netherlands
Isabella,Female,Netherlands
Hugo,Male,Netherlands
Maud,Female,Netherlands
Benjamin,Male,Netherlands
Liz,Female,Netherlands
James,Male,Netherlands
Emma,Female,Netherlands
Liam,Male,Netherlands
Sophie,Female,Netherlands
Daan,Male,Netherlands
Tess,Female,Netherlands
Levi,Male,Netherlands
Olivia,Female,Netherlands
Milan,Male,Netherlands
Zoë,Female,Netherlands
Mees,Male,Netherlands
Eva,Female,Netherlands
Max,Male,Netherlands
Lotte,Female,Netherlands
Bram,Male,Netherlands
Fleur,Female,Netherlands
Mats,Male,Netherlands
Liv,Female,Netherlands
Sam,Male,Netherlands
Lauren,Female,Netherlands
Ties,Male,Netherlands
Saar,Female,Netherlands
Olivier,Male,Netherlands
Lina,Female,Netherlands
Teun,Male,Netherlands
Isabel,Female,Netherlands
Noah,Male,Netherlands
Julia,Female,Netherlands
Lucas,Male,Netherlands
Mila,Female,Netherlands
Sem,Male,Netherlands
Nora,Female,Netherlands
Finn,Male,Netherlands
Sara,Female,Netherlands
Luuk,Male,Netherlands
Yara,Female,Netherlands
Noud,Male,Netherlands
Evi,Female,Netherlands
Thijs,Male,Netherlands
Noor,Female,Netherlands
Julian,Male,Netherlands
Luna,Female,Netherlands
Siem,Male,Netherlands
Anna,Female,Netherlands
Jens,Male,Netherlands
Isabella,Female,Netherlands
Hugo,Male,Netherlands
Maud,Female,Netherlands
Benjamin,Male,Netherlands
Liz,Female,Netherlands
James,Male,Netherlands
Emma,Female,Netherlands
Liam,Male,Netherlands
Sophie,Female,Netherlands
Daan,Male,Netherlands
Tess,Female,Netherlands
Levi,Male,Netherlands
Olivia,Female,Netherlands
Milan,Male,Netherlands
Zoë,Female,Netherlands
Mees,Male,Netherlands
Eva,Female,Netherlands
Max,Male,Netherlands
Lotte,Female,Netherlands
Bram,Male,Netherlands
Fleur,Female,Netherlands
Mats,Male,Netherlands
Liv,Female,Netherlands
Sam,Male,Netherlands
Lauren,Female,Netherlands
Ties,Male,Netherlands
Saar,Female,Netherlands
Olivier,Male,Netherlands
Lina,Female,Netherlands
Teun,Male,Netherlands
Isabel,Female,Netherlands
Noah,Male,Netherlands
Julia,Female,Netherlands
Lucas,Male,Netherlands
Mila,Female,Netherlands
Sem,Male,Netherlands
Nora,Female,Netherlands
Finn,Male,Netherlands
Sara,Female,Netherlands
Luuk,Male,Netherlands
Yara,Female,Netherlands
Noud,Male,Netherlands
Evi,Female,Netherlands
Thijs,Male,Netherlands
Noor,Female,Netherlands
Julian,Male,Netherlands
Luna,Female,Netherlands
Siem,Male,Netherlands
Anna,Female,Netherlands
Jens,Male,Netherlands
Isabella,Female,Netherlands
Hugo,Male,Netherlands
Maud,Female,Netherlands
Benjamin,Male,Netherlands
Liz,Female,Netherlands
James,Male,Netherlands
Emma,Female,Netherlands
Liam,Male,Netherlands
Sophie,Female,Netherlands
Daan,Male,Netherlands
Tess,Female,Netherlands
Levi,Male,Netherlands
Olivia,Female,Netherlands
Milan,Male,Netherlands
Zoë,Female,Netherlands
Mees,Male,Netherlands
Eva,Female,Netherlands
Max,Male,Netherlands
Lotte,Female,Netherlands
Bram,Male,Netherlands
Fleur,Female,Netherlands
Mats,Male,Netherlands
Liv,Female,Netherlands
Sam,Male,Netherlands
Lauren,Female,Netherlands
Ties,Male,Netherlands
Saar,Female,Netherlands
Olivier,Male,Netherlands
Lina,Female,Netherlands
Teun,Male,Netherlands
Isabel,Female,Netherlands
Noah,Male,Netherlands
Julia,Female,Netherlands
Lucas,Male,Netherlands
Mila,Female,Netherlands
Sem,Male,Netherlands
Nora,Female,Netherlands
Finn,Male,Netherlands
Sara,Female,Netherlands
Luuk,Male,Netherlands
Yara,Female,Netherlands
Noud,Male,Netherlands
Evi,Female,Netherlands
Thijs,Male,Netherlands
Noor,Female,Netherlands
Julian,Male,Netherlands
Luna,Female,Netherlands
Siem,Male,Netherlands
Anna,Female,Netherlands
Jens,Male,Netherlands
Isabella,Female,Netherlands
Hugo,Male,Netherlands
Maud,Female,Netherlands
Benjamin,Male,Netherlands
Liz,Female,Netherlands
James,Male,Netherlands
Emma,Female,Netherlands
Liam,Male,Netherlands
Sophie,Female,Netherlands
Daan,Male,Netherlands
Tess,Female,Netherlands
Levi,Male,Netherlands
Olivia,Female,Netherlands
Milan,Male,Netherlands
Zoë,Female,Netherlands
Mees,Male,Netherlands
Eva,Female,Netherlands
Max,Male,Netherlands
Lotte,Female,Netherlands
Bram,Male,Netherlands
Fleur,Female,Netherlands
Mats,Male,Netherlands
Liv,Female,Netherlands
Sam,Male,Netherlands
Lauren,Female,Netherlands
Ties,Male,Netherlands
Saar,Female,Netherlands
Olivier,Male,Netherlands
Lina,Female,Netherlands
Teun,Male,Netherlands
Isabel,Female,Netherlands
Noah,Male,Netherlands
Julia,Female,Netherlands
Lucas,Male,Netherlands
Mila,Female,Netherlands
Sem,Male,Netherlands
Nora,Female,Netherlands
Finn,Male,Netherlands
Sara,Female,Netherlands
Luuk,Male,Netherlands
Yara,Female,Netherlands
Noud,Male,Netherlands
Evi,Female,Netherlands
Thijs,Male,Netherlands
Noor,Female,Netherlands
Julian,Male,Netherlands
Luna,Female,Netherlands
Siem,Male,Netherlands
Anna,Female,Netherlands
Jens,Male,Netherlands
Isabella,Female,Netherlands
Hugo,Male,Netherlands
Maud,Female,Netherlands
Benjamin,Male,Netherlands
Liz,Female,Netherlands
James,Male,Netherlands
Emma,Female,Netherlands
Liam,Male,Netherlands
Sophie,Female,Netherlands
Daan,Male,Netherlands
Tess,Female,Netherlands
Levi,Male,Netherlands
Olivia,Female,Netherlands
Milan,Male,Netherlands
Zoë,Female,Netherlands
Mees,Male,Netherlands
Eva,Female,Netherlands
Max,Male,Netherlands
Lotte,Female,Netherlands
Bram,Male,Netherlands
Fleur,Female,Netherlands
Mats,Male,Netherlands
Liv,Female,Netherlands
Sam,Male,Netherlands
Lauren,Female,Netherlands
Ties,Male,Netherlands
Saar,Female,Netherlands
Olivier,Male,Netherlands
Lina,Female,Netherlands
Teun,Male,Netherlands
Isabel,Female,Netherlands
Noah,Male,Netherlands
Julia,Female,Netherlands
Lucas,Male,Netherlands
Mila,Female,Netherlands
Sem,Male,Netherlands
Nora,Female,Netherlands
Finn,Male,Netherlands
Sara,Female,Netherlands
Luuk,Male,Netherlands
Yara,Female,Netherlands
Noud,Male,Netherlands
Evi,Female,Netherlands
Thijs,Male,Netherlands
Noor,Female,Netherlands
Julian,Male,Netherlands
Luna,Female,Netherlands
Siem,Male,Netherlands
Anna,Female,Netherlands
Jens,Male,Netherlands
Isabella,Female,Netherlands
Hugo,Male,Netherlands
Maud,Female,Netherlands
Benjamin,Male,Netherlands
Liz,Female,Netherlands
James,Male,Netherlands
Emma,Female,Netherlands
Liam,Male,Netherlands
Sophie,Female,Netherlands
Daan,Male,Netherlands
Tess,Female,Netherlands
Levi,Male,Netherlands
Olivia,Female,Netherlands
Milan,Male,Netherlands
Zoë,Female,Netherlands
Mees,Male,Netherlands
Eva,Female,Netherlands
Max,Male,Netherlands
Lotte,Female,Netherlands
Bram,Male,Netherlands
Fleur,Female,Netherlands
Mats,Male,Netherlands
Liv,Female,Netherlands
Sam,Male,Netherlands
Lauren,Female,Netherlands
Ties,Male,Netherlands
Saar,Female,Netherlands
Olivier,Male,Netherlands
Lina,Female,Netherlands
Teun,Male,Netherlands
Isabel,Female,Netherlands
Noah,Male,Netherlands
Julia,Female,Netherlands
Lucas,Male,Netherlands
Mila,Female,Netherlands
Sem,Male,Netherlands
Nora,Female,Netherlands
Finn,Male,Netherlands
Sara,Female,Netherlands
Luuk,Male,Netherlands
Yara,Female,Netherlands
Noud,Male,Netherlands
Evi,Female,Netherlands
Thijs,Male,Netherlands
Noor,Female,Netherlands
Julian,Male,Netherlands
Luna,Female,Netherlands
Siem,Male,Netherlands
Anna,Female,Netherlands
Jens,Male,Netherlands
Isabella,Female,Netherlands
Hugo,Male,Netherlands
Maud,Female,Netherlands
Benjamin,Male,Netherlands
Liz,Female,Netherlands
James,Male,Netherlands
Emma,Female,Netherlands
Liam,Male,Netherlands
Sophie,Female,Netherlands
Daan,Male,Netherlands
Tess,Female,Netherlands
Levi,Male,Netherlands
Olivia,Female,Netherlands
Milan,Male,Netherlands
Zoë,Female,Netherlands
Mees,Male,Netherlands
Eva,Female,Netherlands
Max,Male,Netherlands
Lotte,Female,Netherlands
Bram,Male,Netherlands
Fleur,Female,Netherlands
Mats,Male,Netherlands
Liv,Female,Netherlands
Sam,Male,Netherlands
Lauren,Female,Netherlands
Ties,Male,Netherlands
Saar,Female,Netherlands
Olivier,Male,Netherlands
Lina,Female,Netherlands
Teun,Male,Netherlands
Isabel,Female,Netherlands
Noah,Male,Netherlands
Julia,Female,Netherlands
Lucas,Male,Netherlands
Mila,Female,Netherlands
Sem,Male,Netherlands
Nora,Female,Netherlands
Finn,Male,Netherlands
Sara,Female,Netherlands
Luuk,Male,Netherlands
Yara,Female,Netherlands
Noud,Male,Netherlands
Evi,Female,Netherlands
Thijs,Male,Netherlands
Noor,Female,Netherlands
Julian,Male,Netherlands
Luna,Female,Netherlands
Siem,Male,Netherlands
Anna,Female,Netherlands
Jens,Male,Netherlands
Isabella,Female,Netherlands
Hugo,Male,Netherlands
Maud,Female,Netherlands
Benjamin,Male,Netherlands
Liz,Female,Netherlands
James,Male,Netherlands
Emma,Female,Netherlands
Liam,Male,Netherlands
Sophie,Female,Netherlands
Daan,Male,Netherlands
Tess,Female,Netherlands
Levi,Male,Netherlands
Olivia,Female,Netherlands
Milan,Male,Netherlands
Zoë,Female,Netherlands
Mees,Male,Netherlands
Eva,Female,Netherlands
Max,Male,Netherlands
Lotte,Female,Netherlands
Bram,Male,Netherlands
Fleur,Female,Netherlands
Mats,Male,Netherlands
Liv,Female,Netherlands
Sam,Male,Netherlands
Lauren,Female,Netherlands
Ties,Male,Netherlands
Saar,Female,Netherlands
Olivier,Male,Netherlands
Lina,Female,Netherlands
Teun,Male,Netherlands
Isabel,Female,Netherlands
Noah,Male,Netherlands
Julia,Female,Netherlands
Lucas,Male,Netherlands
Mila,Female,Netherlands
Sem,Male,Netherlands
Nora,Female,Netherlands
Finn,Male,Netherlands
Sara,Female,Netherlands
Luuk,Male,Netherlands
Yara,Female,Netherlands
Noud,Male,Netherlands
Evi,Female,Netherlands
Thijs,Male,Netherlands
Noor,Female,Netherlands
Julian,Male,Netherlands
Luna,Female,Netherlands
Siem,Male,Netherlands
Anna,Female,Netherlands
Jens,Male,Netherlands
Isabella,Female,Netherlands
Hugo,Male,Netherlands
Maud,Female,Netherlands
Benjamin,Male,Netherlands
Liz,Female,Netherlands
James,Male,Netherlands
Emma,Female,Netherlands
Liam,Male,Netherlands
Sophie,Female,Netherlands
Daan,Male,Netherlands
Tess,Female,Netherlands
Levi,Male,Netherlands
Olivia,Female,Netherlands
Milan,Male,Netherlands
Zoë,Female,Netherlands
Mees,Male,Netherlands
Eva,Female,Netherlands
Max,Male,Netherlands
Lotte,Female,Netherlands
Bram,Male,Netherlands
Fleur,Female,Netherlands
Mats,Male,Netherlands
Liv,Female,Netherlands
Sam,Male,Netherlands
Lauren,Female,Netherlands
Ties,Male,Netherlands
Saar,Female,Netherlands
Olivier,Male,Netherlands
Lina,Female,Netherlands
Teun,Male,Netherlands
Isabel,Female,Netherlands
Noah,Male,Netherlands
Julia,Female,Netherlands
Lucas,Male,Netherlands
Mila,Female,Netherlands
Sem,Male,Netherlands
Nora,Female,Netherlands
Finn,Male,Netherlands
Sara,Female,Netherlands
Luuk,Male,Netherlands
Yara,Female,Netherlands
Noud,Male,Netherlands
Evi,Female,Netherlands
Thijs,Male,Netherlands
Noor,Female,Netherlands
Julian,Male,Netherlands
Luna,Female,Netherlands
Siem,Male,Netherlands
Anna,Female,Netherlands
Jens,Male,Netherlands
Isabella,Female,Netherlands
Hugo,Male,Netherlands
Maud,Female,Netherlands
Benjamin,Male,Netherlands
Liz,Female,Netherlands
James,Male,Netherlands
Emma,Female,Netherlands
Liam,Male,Netherlands
Sophie,Female,Netherlands
Daan,Male,Netherlands
Tess,Female,Netherlands
Levi,Male,Netherlands
Olivia,Female,Netherlands
Milan,Male,Netherlands
Zoë,Female,Netherlands
Mees,Male,Netherlands
Eva,Female,Netherlands
Max,Male,Netherlands
Lotte,Female,Netherlands
Bram,Male,Netherlands
Fleur,Female,Netherlands
Mats,Male,Netherlands
Liv,Female,Netherlands
Sam,Male,Netherlands
Lauren,Female,Netherlands
Ties,Male,Netherlands
Saar,Female,Netherlands
Olivier,Male,Netherlands
Lina,Female,Netherlands
Teun,Male,Netherlands
Isabel,Female,Netherlands
Noah,Male,Netherlands
Julia,Female,Netherlands
Lucas,Male,Netherlands
Mila,Female,Netherlands
Sem,Male,Netherlands
Nora,Female,Netherlands
Finn,Male,Netherlands
Sara,Female,Netherlands
Luuk,Male,Netherlands
Yara,Female,Netherlands
Noud,Male,Netherlands
Evi,Female,Netherlands
Thijs,Male,Netherlands
Noor,Female,Netherlands
Julian,Male,Netherlands
Luna,Female,Netherlands
Siem,Male,Netherlands
Anna,Female,Netherlands
Jens,Male,Netherlands
Isabella,Female,Netherlands
Hugo,Male,Netherlands
Maud,Female,Netherlands
Benjamin,Male,Netherlands
Liz,Female,Netherlands
James,Male,Netherlands
Emma,Female,Netherlands
Liam,Male,Netherlands
Sophie,Female,Netherlands
Daan,Male,Netherlands
Tess,Female,Netherlands
Levi,Male,Netherlands
Olivia,Female,Netherlands
Milan,Male,Netherlands
Zoë,Female,Netherlands
Mees,Male,Netherlands
Eva,Female,Netherlands
Max,Male,Netherlands
Lotte,Female,Netherlands
Bram,Male,Netherlands
Fleur,Female,Netherlands
Mats,Male,Netherlands
Liv,Female,Netherlands
Sam,Male,Netherlands
Lauren,Female,Netherlands
Ties,Male,Netherlands
Saar,Female,Netherlands
Olivier,Male,Netherlands
Lina,Female,Netherlands
Teun,Male,Netherlands
Isabel,Female,Netherlands
Noah,Male,Netherlands
Julia,Female,Netherlands
Lucas,Male,Netherlands
Mila,Female,Netherlands
Sem,Male,Netherlands
Nora,Female,Netherlands
Finn,Male,Netherlands
Sara,Female,Netherlands
Luuk,Male,Netherlands
Yara,Female,Netherlands
Noud,Male,Netherlands
Evi,Female,Netherlands
Thijs,Male,Netherlands
Noor,Female,Netherlands
Julian,Male,Netherlands
Luna,Female,Netherlands
Siem,Male,Netherlands
Anna,Female,Netherlands
Jens,Male,Netherlands
Isabella,Female,Netherlands
Hugo,Male,Netherlands
Maud,Female,Netherlands
Benjamin,Male,Netherlands
Liz,Female,Netherlands
James,Male,Netherlands
Emma,Female,Netherlands
Liam,Male,Netherlands
Sophie,Female,Netherlands
Daan,Male,Netherlands
Tess,Female,Netherlands
Levi,Male,Netherlands
Olivia,Female,Netherlands
Milan,Male,Netherlands
Zoë,Female,Netherlands
Mees,Male,Netherlands
Eva,Female,Netherlands
Max,Male,Netherlands
Lotte,Female,Netherlands
Bram,Male,Netherlands
Fleur,Female,Netherlands
Mats,Male,Netherlands
Liv,Female,Netherlands
Sam,Male,Netherlands
Lauren,Female,Netherlands
Ties,Male,Netherlands
Saar,Female,Netherlands
Olivier,Male,Netherlands
Lina,Female,Netherlands
Teun,Male,Netherlands
Isabel,Female,Netherlands
Noah,Male,Netherlands
Julia,Female,Netherlands
Lucas,Male,Netherlands
Mila,Female,Netherlands
Sem,Male,Netherlands
Nora,Female,Netherlands
Finn,Male,Netherlands
Sara,Female,Netherlands
Luuk,Male,Netherlands
Yara,Female,Netherlands
Noud,Male,Netherlands
Evi,Female,Netherlands
Thijs,Male,Netherlands
Noor,Female,Netherlands
Julian,Male,Netherlands
Luna,Female,Netherlands
Siem,Male,Netherlands
Anna,Female,Netherlands
Jens,Male,Netherlands
Isabella,Female,Netherlands
Hugo,Male,Netherlands
Maud,Female,Netherlands
Benjamin,Male,Netherlands
Liz,Female,Netherlands
James,Male,Netherlands
Emma,Female,Netherlands
Liam,Male,Netherlands
Sophie,Female,Netherlands
Daan,Male,Netherlands
Tess,Female,Netherlands
Levi,Male,Netherlands
Olivia,Female,Netherlands
Milan,Male,Netherlands
Zoë,Female,Netherlands
Mees,Male,Netherlands
Eva,Female,Netherlands
Max,Male,Netherlands
Lotte,Female,Netherlands
Bram,Male,Netherlands
Fleur,Female,Netherlands
Mats,Male,Netherlands
Liv,Female,Netherlands
Sam,Male,Netherlands
Lauren,Female,Netherlands
Ties,Male,Netherlands
Saar,Female,Netherlands
Olivier,Male,Netherlands
Lina,Female,Netherlands
Teun,Male,Netherlands
Isabel,Female,Netherlands
Noah,Male,Netherlands
Julia,Female,Netherlands
Lucas,Male,Netherlands
Mila,Female,Netherlands
Sem,Male,Netherlands
Nora,Female,Netherlands
Finn,Male,Netherlands
Sara,Female,Netherlands
Luuk,Male,Netherlands
Yara,Female,Netherlands
Noud,Male,Netherlands
Evi,Female,Netherlands
Thijs,Male,Netherlands
Noor,Female,Netherlands
Julian,Male,Netherlands
Luna,Female,Netherlands
Siem,Male,Netherlands
Anna,Female,Netherlands
Jens,Male,Netherlands
Isabella,Female,Netherlands
Hugo,Male,Netherlands
Maud,Female,Netherlands
Benjamin,Male,Netherlands
Liz,Female,Netherlands
James,Male,Netherlands
Emma,Female,Netherlands
Liam,Male,Netherlands
Sophie,Female,Netherlands
Daan,Male,Netherlands
Tess,Female,Netherlands
Levi,Male,Netherlands
Olivia,Female,Netherlands
Milan,Male,Netherlands
Zoë,Female,Netherlands
Mees,Male,Netherlands
Eva,Female,Netherlands
Max,Male,Netherlands
Lotte,Female,Netherlands
Bram,Male,Netherlands
Fleur,Female,Netherlands
Mats,Male,Netherlands
Liv,Female,Netherlands
Sam,Male,Netherlands
Lauren,Female,Netherlands
Ties,Male,Netherlands
Saar,Female,Netherlands
Olivier,Male,Netherlands
Lina,Female,Netherlands
Teun,Male,Netherlands
Isabel,Female,Netherlands
Noah,Male,Netherlands
Julia,Female,Netherlands
Lucas,Male,Netherlands
Mila,Female,Netherlands
Sem,Male,Netherlands
Nora,Female,Netherlands
Finn,Male,Netherlands
Sara,Female,Netherlands
Luuk,Male,Netherlands
Yara,Female,Netherlands
Noud,Male,Netherlands
Evi,Female,Netherlands
Thijs,Male,Netherlands
Noor,Female,Netherlands
Julian,Male,Netherlands
Luna,Female,Netherlands
Siem,Male,Netherlands
Anna,Female,Netherlands
Jens,Male,Netherlands
Isabella,Female,Netherlands
Hugo,Male,Netherlands
Maud,Female,Netherlands
Benjamin,Male,Netherlands
Liz,Female,Netherlands
James,Male,Netherlands
Emma,Female,Netherlands
Liam,Male,Netherlands
Sophie,Female,Netherlands
Daan,Male,Netherlands
Tess,Female,Netherlands
Levi,Male,Netherlands
Olivia,Female,Netherlands
Milan,Male,Netherlands
Zoë,Female,Netherlands
Mees,Male,Netherlands
Eva,Female,Netherlands
Max,Male,Netherlands
Lotte,Female,Netherlands
Bram,Male,Netherlands
Fleur,Female,Netherlands
Mats,Male,Netherlands
Liv,Female,Netherlands
Sam,Male,Netherlands
Lauren,Female,Netherlands
Ties,Male,Netherlands
Saar,Female,Netherlands
Olivier,Male,Netherlands
Lina,Female,Netherlands
Teun,Male,Netherlands
Isabel,Female,Netherlands
Leonardo,Male,Italy
Giulia,Female,Italy
Alessandro,Male,Italy
Alice,Female,Italy
Mattia,Male,Italy
Beatrice,Female,Italy
Gabriele,Male,Italy
Greta,Female,Italy
Riccardo,Male,Italy
Francesca,Female,Italy
Matteo,Male,Italy
Vittoria,Female,Italy
Niccolò,Male,Italy
Sara,Female,Italy
Pietro,Male,Italy
Camilla,Female,Italy
Giovanni,Male,Italy
Eleonora,Female,Italy
Federico,Male,Italy
Bianca,Female,Italy
Marco,Male,Italy
Arianna,Female,Italy
Emanuele,Male,Italy
Ilaria,Female,Italy
Michele,Male,Italy
Sofia,Female,Italy
Francesco,Male,Italy
Aurora,Female,Italy
Lorenzo,Male,Italy
Ginevra,Female,Italy
Tommaso,Male,Italy
Emma,Female,Italy
Andrea,Male,Italy
Chiara,Female,Italy
Edoardo,Male,Italy
Ludovica,Female,Italy
Diego,Male,Italy
Anna,Female,Italy
Giuseppe,Male,Italy
Marta,Female,Italy
Samuele,Male,Italy
Alessia,Female,Italy
Antonio,Male,Italy
Noemi,Female,Italy
Filippo,Male,Italy
Nicole,Female,Italy
Damiano,Male,Italy
Carlotta,Female,Italy
Simone,Male,Italy
Gaia,Female,Italy
Leonardo,Male,Italy
Giulia,Female,Italy
Alessandro,Male,Italy
Alice,Female,Italy
Mattia,Male,Italy
Beatrice,Female,Italy
Gabriele,Male,Italy
Greta,Female,Italy
Riccardo,Male,Italy
Francesca,Female,Italy
Matteo,Male,Italy
Vittoria,Female,Italy
Niccolò,Male,Italy
Sara,Female,Italy
Pietro,Male,Italy
Camilla,Female,Italy
Giovanni,Male,Italy
Eleonora,Female,Italy
Federico,Male,Italy
Bianca,Female,Italy
Marco,Male,Italy
Arianna,Female,Italy
Emanuele,Male,Italy
Ilaria,Female,Italy
Michele,Male,Italy
Sofia,Female,Italy
Francesco,Male,Italy
Aurora,Female,Italy
Lorenzo,Male,Italy
Ginevra,Female,Italy
Tommaso,Male,Italy
Emma,Female,Italy
Andrea,Male,Italy
Chiara,Female,Italy
Edoardo,Male,Italy
Ludovica,Female,Italy
Diego,Male,Italy
Anna,Female,Italy
Giuseppe,Male,Italy
Marta,Female,Italy
Samuele,Male,Italy
Alessia,Female,Italy
Antonio,Male,Italy
Noemi,Female,Italy
Filippo,Male,Italy
Nicole,Female,Italy
Damiano,Male,Italy
Carlotta,Female,Italy
Simone,Male,Italy
Gaia,Female,Italy
Leonardo,Male,Italy
Giulia,Female,Italy
Alessandro,Male,Italy
Alice,Female,Italy
Mattia,Male,Italy
Beatrice,Female,Italy
Gabriele,Male,Italy
Greta,Female,Italy
Riccardo,Male,Italy
Francesca,Female,Italy
Matteo,Male,Italy
Vittoria,Female,Italy
Niccolò,Male,Italy
Sara,Female,Italy
Pietro,Male,Italy
Camilla,Female,Italy
Giovanni,Male,Italy
Eleonora,Female,Italy
Federico,Male,Italy
Bianca,Female,Italy
Marco,Male,Italy
Arianna,Female,Italy
Emanuele,Male,Italy
Ilaria,Female,Italy
Michele,Male,Italy
Sofia,Female,Italy
Francesco,Male,Italy
Aurora,Female,Italy
Lorenzo,Male,Italy
Ginevra,Female,Italy
Tommaso,Male,Italy
Emma,Female,Italy
Andrea,Male,Italy
Chiara,Female,Italy
Edoardo,Male,Italy
Ludovica,Female,Italy
Diego,Male,Italy
Anna,Female,Italy
Giuseppe,Male,Italy
Marta,Female,Italy
Samuele,Male,Italy
Alessia,Female,Italy
Antonio,Male,Italy
Noemi,Female,Italy
Filippo,Male,Italy
Nicole,Female,Italy
Damiano,Male,Italy
Carlotta,Female,Italy
Simone,Male,Italy
Gaia,Female,Italy
Leonardo,Male,Italy
Giulia,Female,Italy
Alessandro,Male,Italy
Alice,Female,Italy
Mattia,Male,Italy
Beatrice,Female,Italy
Gabriele,Male,Italy
Greta,Female,Italy
Riccardo,Male,Italy
Francesca,Female,Italy
Matteo,Male,Italy
Vittoria,Female,Italy
Niccolò,Male,Italy
Sara,Female,Italy
Pietro,Male,Italy
Camilla,Female,Italy
Giovanni,Male,Italy
Eleonora,Female,Italy
Federico,Male,Italy
Bianca,Female,Italy
Marco,Male,Italy
Arianna,Female,Italy
Emanuele,Male,Italy
Ilaria,Female,Italy
Michele,Male,Italy
Sofia,Female,Italy
Francesco,Male,Italy
Aurora,Female,Italy
Lorenzo,Male,Italy
Ginevra,Female,Italy
Tommaso,Male,Italy
Emma,Female,Italy
Andrea,Male,Italy
Chiara,Female,Italy
Edoardo,Male,Italy
Ludovica,Female,Italy
Diego,Male,Italy
Anna,Female,Italy
Giuseppe,Male,Italy
Marta,Female,Italy
Samuele,Male,Italy
Alessia,Female,Italy
Antonio,Male,Italy
Noemi,Female,Italy
Filippo,Male,Italy
Nicole,Female,Italy
Damiano,Male,Italy
Carlotta,Female,Italy
Simone,Male,Italy
Gaia,Female,Italy
Leonardo,Male,Italy
Giulia,Female,Italy
Alessandro,Male,Italy
Alice,Female,Italy
Mattia,Male,Italy
Beatrice,Female,Italy
Gabriele,Male,Italy
Greta,Female,Italy
Riccardo,Male,Italy
Francesca,Female,Italy
Matteo,Male,Italy
Vittoria,Female,Italy
Niccolò,Male,Italy
Sara,Female,Italy
Pietro,Male,Italy
Camilla,Female,Italy
Giovanni,Male,Italy
Eleonora,Female,Italy
Federico,Male,Italy
Bianca,Female,Italy
Marco,Male,Italy
Arianna,Female,Italy
Emanuele,Male,Italy
Ilaria,Female,Italy
Michele,Male,Italy
Sofia,Female,Italy
Francesco,Male,Italy
Aurora,Female,Italy
Lorenzo,Male,Italy
Ginevra,Female,Italy
Tommaso,Male,Italy
Emma,Female,Italy
Andrea,Male,Italy
Chiara,Female,Italy
Edoardo,Male,Italy
Ludovica,Female,Italy
Diego,Male,Italy
Anna,Female,Italy
Giuseppe,Male,Italy
Marta,Female,Italy
Samuele,Male,Italy
Alessia,Female,Italy
Antonio,Male,Italy
Noemi,Female,Italy
Filippo,Male,Italy
Nicole,Female,Italy
Damiano,Male,Italy
Carlotta,Female,Italy
Simone,Male,Italy
Gaia,Female,Italy
Leonardo,Male,Italy
Giulia,Female,Italy
Alessandro,Male,Italy
Alice,Female,Italy
Mattia,Male,Italy
Beatrice,Female,Italy
Gabriele,Male,Italy
Greta,Female,Italy
Riccardo,Male,Italy
Francesca,Female,Italy
Matteo,Male,Italy
Vittoria,Female,Italy
Niccolò,Male,Italy
Sara,Female,Italy
Pietro,Male,Italy
Camilla,Female,Italy
Giovanni,Male,Italy
Eleonora,Female,Italy
Federico,Male,Italy
Bianca,Female,Italy
Marco,Male,Italy
Arianna,Female,Italy
Emanuele,Male,Italy
Ilaria,Female,Italy
Michele,Male,Italy
Sofia,Female,Italy
Francesco,Male,Italy
Aurora,Female,Italy
Lorenzo,Male,Italy
Ginevra,Female,Italy
Tommaso,Male,Italy
Emma,Female,Italy
Andrea,Male,Italy
Chiara,Female,Italy
Edoardo,Male,Italy
Ludovica,Female,Italy
Diego,Male,Italy
Anna,Female,Italy
Giuseppe,Male,Italy
Marta,Female,Italy
Samuele,Male,Italy
Alessia,Female,Italy
Antonio,Male,Italy
Noemi,Female,Italy
Filippo,Male,Italy
Nicole,Female,Italy
Damiano,Male,Italy
Carlotta,Female,Italy
Simone,Male,Italy
Gaia,Female,Italy
Leonardo,Male,Italy
Giulia,Female,Italy
Alessandro,Male,Italy
Alice,Female,Italy
Mattia,Male,Italy
Beatrice,Female,Italy
Gabriele,Male,Italy
Greta,Female,Italy
Riccardo,Male,Italy
Francesca,Female,Italy
Matteo,Male,Italy
Vittoria,Female,Italy
Niccolò,Male,Italy
Sara,Female,Italy
Pietro,Male,Italy
Camilla,Female,Italy
Giovanni,Male,Italy
Eleonora,Female,Italy
Federico,Male,Italy
Bianca,Female,Italy
Marco,Male,Italy
Arianna,Female,Italy
Emanuele,Male,Italy
Ilaria,Female,Italy
Michele,Male,Italy
Sofia,Female,Italy
Francesco,Male,Italy
Aurora,Female,Italy
Lorenzo,Male,Italy
Ginevra,Female,Italy
Tommaso,Male,Italy
Emma,Female,Italy
Andrea,Male,Italy
Chiara,Female,Italy
Edoardo,Male,Italy
Ludovica,Female,Italy
Diego,Male,Italy
Anna,Female,Italy
Giuseppe,Male,Italy
Marta,Female,Italy
Samuele,Male,Italy
Alessia,Female,Italy
Antonio,Male,Italy
Noemi,Female,Italy
Filippo,Male,Italy
Nicole,Female,Italy
Damiano,Male,Italy
Carlotta,Female,Italy
Simone,Male,Italy
Gaia,Female,Italy
Leonardo,Male,Italy
Giulia,Female,Italy
Alessandro,Male,Italy
Alice,Female,Italy
Mattia,Male,Italy
Beatrice,Female,Italy
Gabriele,Male,Italy
Greta,Female,Italy
Riccardo,Male,Italy
Francesca,Female,Italy
Matteo,Male,Italy
Vittoria,Female,Italy
Niccolò,Male,Italy
Sara,Female,Italy
Pietro,Male,Italy
Camilla,Female,Italy
Giovanni,Male,Italy
Eleonora,Female,Italy
Federico,Male,Italy
Bianca,Female,Italy
Marco,Male,Italy
Arianna,Female,Italy
Emanuele,Male,Italy
Ilaria,Female,Italy
Michele,Male,Italy
Sofia,Female,Italy
Francesco,Male,Italy
Aurora,Female,Italy
Lorenzo,Male,Italy
Ginevra,Female,Italy
Tommaso,Male,Italy
Emma,Female,Italy
Andrea,Male,Italy
Chiara,Female,Italy
Edoardo,Male,Italy
Ludovica,Female,Italy
Diego,Male,Italy
Anna,Female,Italy
Giuseppe,Male,Italy
Marta,Female,Italy
Samuele,Male,Italy
Alessia,Female,Italy
Antonio,Male,Italy
Noemi,Female,Italy
Filippo,Male,Italy
Nicole,Female,Italy
Damiano,Male,Italy
Carlotta,Female,Italy
Simone,Male,Italy
Gaia,Female,Italy
Leonardo,Male,Italy
Giulia,Female,Italy
Alessandro,Male,Italy
Alice,Female,Italy
Mattia,Male,Italy
Beatrice,Female,Italy
Gabriele,Male,Italy
Greta,Female,Italy
Riccardo,Male,Italy
Francesca,Female,Italy
Matteo,Male,Italy
Vittoria,Female,Italy
Niccolò,Male,Italy
Sara,Female,Italy
Pietro,Male,Italy
Camilla,Female,Italy
Giovanni,Male,Italy
Eleonora,Female,Italy
Federico,Male,Italy
Bianca,Female,Italy
Marco,Male,Italy
Arianna,Female,Italy
Emanuele,Male,Italy
Ilaria,Female,Italy
Michele,Male,Italy
Sofia,Female,Italy
Francesco,Male,Italy
Aurora,Female,Italy
Lorenzo,Male,Italy
Ginevra,Female,Italy
Tommaso,Male,Italy
Emma,Female,Italy
Andrea,Male,Italy
Chiara,Female,Italy
Edoardo,Male,Italy
Ludovica,Female,Italy
Diego,Male,Italy
Anna,Female,Italy
Giuseppe,Male,Italy
Marta,Female,Italy
Samuele,Male,Italy
Alessia,Female,Italy
Antonio,Male,Italy
Noemi,Female,Italy
Filippo,Male,Italy
Nicole,Female,Italy
Damiano,Male,Italy
Carlotta,Female,Italy
Simone,Male,Italy
Gaia,Female,Italy
Leonardo,Male,Italy
Giulia,Female,Italy
Alessandro,Male,Italy
Alice,Female,Italy
Mattia,Male,Italy
Beatrice,Female,Italy
Gabriele,Male,Italy
Greta,Female,Italy
Riccardo,Male,Italy
Francesca,Female,Italy
Matteo,Male,Italy
Vittoria,Female,Italy
Niccolò,Male,Italy
Sara,Female,Italy
Pietro,Male,Italy
Camilla,Female,Italy
Giovanni,Male,Italy
Eleonora,Female,Italy
Federico,Male,Italy
Bianca,Female,Italy
Marco,Male,Italy
Arianna,Female,Italy
Emanuele,Male,Italy
Ilaria,Female,Italy
Michele,Male,Italy
Sofia,Female,Italy
Francesco,Male,Italy
Aurora,Female,Italy
Lorenzo,Male,Italy
Ginevra,Female,Italy
Tommaso,Male,Italy
Emma,Female,Italy
Andrea,Male,Italy
Chiara,Female,Italy
Edoardo,Male,Italy
Ludovica,Female,Italy
Diego,Male,Italy
Anna,Female,Italy
Giuseppe,Male,Italy
Marta,Female,Italy
Samuele,Male,Italy
Alessia,Female,Italy
Antonio,Male,Italy
Noemi,Female,Italy
Filippo,Male,Italy
Nicole,Female,Italy
Damiano,Male,Italy
Carlotta,Female,Italy
Simone,Male,Italy
Gaia,Female,Italy
Leonardo,Male,Italy
Giulia,Female,Italy
Alessandro,Male,Italy
Alice,Female,Italy
Mattia,Male,Italy
Beatrice,Female,Italy
Gabriele,Male,Italy
Greta,Female,Italy
Riccardo,Male,Italy
Francesca,Female,Italy
Matteo,Male,Italy
Vittoria,Female,Italy
Niccolò,Male,Italy
Sara,Female,Italy
Pietro,Male,Italy
Camilla,Female,Italy
Giovanni,Male,Italy
Eleonora,Female,Italy
Federico,Male,Italy
Bianca,Female,Italy
Marco,Male,Italy
Arianna,Female,Italy
Emanuele,Male,Italy
Ilaria,Female,Italy
Michele,Male,Italy
Sofia,Female,Italy
Francesco,Male,Italy
Aurora,Female,Italy
Lorenzo,Male,Italy
Ginevra,Female,Italy
Tommaso,Male,Italy
Emma,Female,Italy
Andrea,Male,Italy
Chiara,Female,Italy
Edoardo,Male,Italy
Ludovica,Female,Italy
Diego,Male,Italy
Anna,Female,Italy
Giuseppe,Male,Italy
Marta,Female,Italy
Samuele,Male,Italy
Alessia,Female,Italy
Antonio,Male,Italy
Noemi,Female,Italy
Filippo,Male,Italy
Nicole,Female,Italy
Damiano,Male,Italy
Carlotta,Female,Italy
Simone,Male,Italy
Gaia,Female,Italy
Leonardo,Male,Italy
Giulia,Female,Italy
Alessandro,Male,Italy
Alice,Female,Italy
Mattia,Male,Italy
Beatrice,Female,Italy
Gabriele,Male,Italy
Greta,Female,Italy
Riccardo,Male,Italy
Francesca,Female,Italy
Matteo,Male,Italy
Vittoria,Female,Italy
Niccolò,Male,Italy
Sara,Female,Italy
Pietro,Male,Italy
Camilla,Female,Italy
Giovanni,Male,Italy
Eleonora,Female,Italy
Federico,Male,Italy
Bianca,Female,Italy
Marco,Male,Italy
Arianna,Female,Italy
Emanuele,Male,Italy
Ilaria,Female,Italy
Michele,Male,Italy
Sofia,Female,Italy
Francesco,Male,Italy
Aurora,Female,Italy
Lorenzo,Male,Italy
Ginevra,Female,Italy
Tommaso,Male,Italy
Emma,Female,Italy
Andrea,Male,Italy
Chiara,Female,Italy
Edoardo,Male,Italy
Ludovica,Female,Italy
Diego,Male,Italy
Anna,Female,Italy
Giuseppe,Male,Italy
Marta,Female,Italy
Samuele,Male,Italy
Alessia,Female,Italy
Antonio,Male,Italy
Noemi,Female,Italy
Filippo,Male,Italy
Nicole,Female,Italy
Damiano,Male,Italy
Carlotta,Female,Italy
Simone,Male,Italy
Gaia,Female,Italy
Leonardo,Male,Italy
Giulia,Female,Italy
Alessandro,Male,Italy
Alice,Female,Italy
Mattia,Male,Italy
Beatrice,Female,Italy
Gabriele,Male,Italy
Greta,Female,Italy
Riccardo,Male,Italy
Francesca,Female,Italy
Matteo,Male,Italy
Vittoria,Female,Italy
Niccolò,Male,Italy
Sara,Female,Italy
Pietro,Male,Italy
Camilla,Female,Italy
Giovanni,Male,Italy
Eleonora,Female,Italy
Federico,Male,Italy
Bianca,Female,Italy
Marco,Male,Italy
Arianna,Female,Italy
Emanuele,Male,Italy
Ilaria,Female,Italy
Michele,Male,Italy
Sofia,Female,Italy
Francesco,Male,Italy
Aurora,Female,Italy
Lorenzo,Male,Italy
Ginevra,Female,Italy
Tommaso,Male,Italy
Emma,Female,Italy
Andrea,Male,Italy
Chiara,Female,Italy
Edoardo,Male,Italy
Ludovica,Female,Italy
Diego,Male,Italy
Anna,Female,Italy
Giuseppe,Male,Italy
Marta,Female,Italy
Samuele,Male,Italy
Alessia,Female,Italy
Antonio,Male,Italy
Noemi,Female,Italy
Filippo,Male,Italy
Nicole,Female,Italy
Damiano,Male,Italy
Carlotta,Female,Italy
Simone,Male,Italy
Gaia,Female,Italy
Leonardo,Male,Italy
Giulia,Female,Italy
Alessandro,Male,Italy
Alice,Female,Italy
Mattia,Male,Italy
Beatrice,Female,Italy
Gabriele,Male,Italy
Greta,Female,Italy
Riccardo,Male,Italy
Francesca,Female,Italy
Matteo,Male,Italy
Vittoria,Female,Italy
Niccolò,Male,Italy
Sara,Female,Italy
Pietro,Male,Italy
Camilla,Female,Italy
Giovanni,Male,Italy
Eleonora,Female,Italy
Federico,Male,Italy
Bianca,Female,Italy
Marco,Male,Italy
Arianna,Female,Italy
Emanuele,Male,Italy
Ilaria,Female,Italy
Michele,Male,Italy
Sofia,Female,Italy
Francesco,Male,Italy
Aurora,Female,Italy
Lorenzo,Male,Italy
Ginevra,Female,Italy
Tommaso,Male,Italy
Emma,Female,Italy
Andrea,Male,Italy
Chiara,Female,Italy
Edoardo,Male,Italy
Ludovica,Female,Italy
Diego,Male,Italy
Anna,Female,Italy
Giuseppe,Male,Italy
Marta,Female,Italy
Samuele,Male,Italy
Alessia,Female,Italy
Antonio,Male,Italy
Noemi,Female,Italy
Filippo,Male,Italy
Nicole,Female,Italy
Damiano,Male,Italy
Carlotta,Female,Italy
Simone,Male,Italy
Gaia,Female,Italy
Leonardo,Male,Italy
Giulia,Female,Italy
Alessandro,Male,Italy
Alice,Female,Italy
Mattia,Male,Italy
Beatrice,Female,Italy
Gabriele,Male,Italy
Greta,Female,Italy
Riccardo,Male,Italy
Francesca,Female,Italy
Matteo,Male,Italy
Vittoria,Female,Italy
Niccolò,Male,Italy
Sara,Female,Italy
Pietro,Male,Italy
Camilla,Female,Italy
Giovanni,Male,Italy
Eleonora,Female,Italy
Federico,Male,Italy
Bianca,Female,Italy
Marco,Male,Italy
Arianna,Female,Italy
Emanuele,Male,Italy
Ilaria,Female,Italy
Michele,Male,Italy
Sofia,Female,Italy
Francesco,Male,Italy
Aurora,Female,Italy
Lorenzo,Male,Italy
Ginevra,Female,Italy
Tommaso,Male,Italy
Emma,Female,Italy
Andrea,Male,Italy
Chiara,Female,Italy
Edoardo,Male,Italy
Ludovica,Female,Italy
Diego,Male,Italy
Anna,Female,Italy
Giuseppe,Male,Italy
Marta,Female,Italy
Samuele,Male,Italy
Alessia,Female,Italy
Antonio,Male,Italy
Noemi,Female,Italy
Filippo,Male,Italy
Nicole,Female,Italy
Damiano,Male,Italy
Carlotta,Female,Italy
Simone,Male,Italy
Gaia,Female,Italy
Leonardo,Male,Italy
Giulia,Female,Italy
Alessandro,Male,Italy
Alice,Female,Italy
Mattia,Male,Italy
Beatrice,Female,Italy
Gabriele,Male,Italy
Greta,Female,Italy
Riccardo,Male,Italy
Francesca,Female,Italy
Matteo,Male,Italy
Vittoria,Female,Italy
Niccolò,Male,Italy
Sara,Female,Italy
Pietro,Male,Italy
Camilla,Female,Italy
Giovanni,Male,Italy
Eleonora,Female,Italy
Federico,Male,Italy
Bianca,Female,Italy
Marco,Male,Italy
Arianna,Female,Italy
Emanuele,Male,Italy
Ilaria,Female,Italy
Michele,Male,Italy
Sofia,Female,Italy
Francesco,Male,Italy
Aurora,Female,Italy
Lorenzo,Male,Italy
Ginevra,Female,Italy
Tommaso,Male,Italy
Emma,Female,Italy
Andrea,Male,Italy
Chiara,Female,Italy
Edoardo,Male,Italy
Ludovica,Female,Italy
Diego,Male,Italy
Anna,Female,Italy
Giuseppe,Male,Italy
Marta,Female,Italy
Samuele,Male,Italy
Alessia,Female,Italy
Antonio,Male,Italy
Noemi,Female,Italy
Filippo,Male,Italy
Nicole,Female,Italy
Damiano,Male,Italy
Carlotta,Female,Italy
Simone,Male,Italy
Gaia,Female,Italy
Leonardo,Male,Italy
Giulia,Female,Italy
Alessandro,Male,Italy
Alice,Female,Italy
Mattia,Male,Italy
Beatrice,Female,Italy
Gabriele,Male,Italy
Greta,Female,Italy
Riccardo,Male,Italy
Francesca,Female,Italy
Matteo,Male,Italy
Vittoria,Female,Italy
Niccolò,Male,Italy
Sara,Female,Italy
Pietro,Male,Italy
Camilla,Female,Italy
Giovanni,Male,Italy
Eleonora,Female,Italy
Federico,Male,Italy
Bianca,Female,Italy
Marco,Male,Italy
Arianna,Female,Italy
Emanuele,Male,Italy
Ilaria,Female,Italy
Michele,Male,Italy
Sofia,Female,Italy
Francesco,Male,Italy
Aurora,Female,Italy
Lorenzo,Male,Italy
Ginevra,Female,Italy
Tommaso,Male,Italy
Emma,Female,Italy
Andrea,Male,Italy
Chiara,Female,Italy
Edoardo,Male,Italy
Ludovica,Female,Italy
Diego,Male,Italy
Anna,Female,Italy
Giuseppe,Male,Italy
Marta,Female,Italy
Samuele,Male,Italy
Alessia,Female,Italy
Antonio,Male,Italy
Noemi,Female,Italy
Filippo,Male,Italy
Nicole,Female,Italy
Damiano,Male,Italy
Carlotta,Female,Italy
Simone,Male,Italy
Gaia,Female,Italy
Leonardo,Male,Italy
Giulia,Female,Italy
Alessandro,Male,Italy
Alice,Female,Italy
Mattia,Male,Italy
Beatrice,Female,Italy
Gabriele,Male,Italy
Greta,Female,Italy
Riccardo,Male,Italy
Francesca,Female,Italy
Matteo,Male,Italy
Vittoria,Female,Italy
Niccolò,Male,Italy
Sara,Female,Italy
Pietro,Male,Italy
Camilla,Female,Italy
Giovanni,Male,Italy
Eleonora,Female,Italy
Federico,Male,Italy
Bianca,Female,Italy
Marco,Male,Italy
Arianna,Female,Italy
Emanuele,Male,Italy
Ilaria,Female,Italy
Michele,Male,Italy
Sofia,Female,Italy
Francesco,Male,Italy
Aurora,Female,Italy
Lorenzo,Male,Italy
Ginevra,Female,Italy
Tommaso,Male,Italy
Emma,Female,Italy
Andrea,Male,Italy
Chiara,Female,Italy
Edoardo,Male,Italy
Ludovica,Female,Italy
Diego,Male,Italy
Anna,Female,Italy
Giuseppe,Male,Italy
Marta,Female,Italy
Samuele,Male,Italy
Alessia,Female,Italy
Antonio,Male,Italy
Noemi,Female,Italy
Filippo,Male,Italy
Nicole,Female,Italy
Damiano,Male,Italy
Carlotta,Female,Italy
Simone,Male,Italy
Gaia,Female,Italy
Leonardo,Male,Italy
Giulia,Female,Italy
Alessandro,Male,Italy
Alice,Female,Italy
Mattia,Male,Italy
Beatrice,Female,Italy
Gabriele,Male,Italy
Greta,Female,Italy
Riccardo,Male,Italy
Francesca,Female,Italy
Matteo,Male,Italy
Vittoria,Female,Italy
Niccolò,Male,Italy
Sara,Female,Italy
Pietro,Male,Italy
Camilla,Female,Italy
Giovanni,Male,Italy
Eleonora,Female,Italy
Federico,Male,Italy
Bianca,Female,Italy
Marco,Male,Italy
Arianna,Female,Italy
Emanuele,Male,Italy
Ilaria,Female,Italy
Michele,Male,Italy
Sofia,Female,Italy
Francesco,Male,Italy
Aurora,Female,Italy
Lorenzo,Male,Italy
Ginevra,Female,Italy
Tommaso,Male,Italy
Emma,Female,Italy
Andrea,Male,Italy
Chiara,Female,Italy
Edoardo,Male,Italy
Ludovica,Female,Italy
Diego,Male,Italy
Anna,Female,Italy
Giuseppe,Male,Italy
Marta,Female,Italy
Samuele,Male,Italy
Alessia,Female,Italy
Antonio,Male,Italy
Noemi,Female,Italy
Filippo,Male,Italy
Nicole,Female,Italy
Damiano,Male,Italy
Carlotta,Female,Italy
Simone,Male,Italy
Gaia,Female,Italy
Leonardo,Male,Italy
Giulia,Female,Italy
Alessandro,Male,Italy
Alice,Female,Italy
Mattia,Male,Italy
Beatrice,Female,Italy
Gabriele,Male,Italy
Greta,Female,Italy
Riccardo,Male,Italy
Francesca,Female,Italy
Matteo,Male,Italy
Vittoria,Female,Italy
Niccolò,Male,Italy
Sara,Female,Italy
Pietro,Male,Italy
Camilla,Female,Italy
Giovanni,Male,Italy
Eleonora,Female,Italy
Federico,Male,Italy
Bianca,Female,Italy
Marco,Male,Italy
Arianna,Female,Italy
Emanuele,Male,Italy
Ilaria,Female,Italy
Michele,Male,Italy
Sofia,Female,Italy
Francesco,Male,Italy
Aurora,Female,Italy
Lorenzo,Male,Italy
Ginevra,Female,Italy
Tommaso,Male,Italy
Emma,Female,Italy
Andrea,Male,Italy
Chiara,Female,Italy
Edoardo,Male,Italy
Ludovica,Female,Italy
Diego,Male,Italy
Anna,Female,Italy
Giuseppe,Male,Italy
Marta,Female,Italy
Samuele,Male,Italy
Alessia,Female,Italy
Antonio,Male,Italy
Noemi,Female,Italy
Filippo,Male,Italy
Nicole,Female,Italy
Damiano,Male,Italy
Carlotta,Female,Italy
Simone,Male,Italy
Gaia,Female,Italy
Hugo,Male,Spain
Sofía,Female,Spain
Mateo,Male,Spain
María,Female,Spain
Leo,Male,Spain
Paula,Female,Spain
Alejandro,Male,Spain
Emma,Female,Spain
Manuel,Male,Spain
Alba,Female,Spain
Adrián,Male,Spain
Carmen,Female,Spain
Diego,Male,Spain
Noa,Female,Spain
Javier,Male,Spain
Mía,Female,Spain
Izan,Male,Spain
Hanna,Female,Spain
Bruno,Male,Spain
Lola,Female,Spain
Antonio,Male,Spain
Elena,Female,Spain
Sergio,Male,Spain
Claudia,Female,Spain
Nicolás,Male,Spain
Lucía,Female,Spain
Martín,Male,Spain
Martina,Female,Spain
Lucas,Male,Spain
Julia,Female,Spain
Daniel,Male,Spain
Valeria,Female,Spain
Pablo,Male,Spain
Daniela,Female,Spain
Álvaro,Male,Spain
Carla,Female,Spain
Mario,Male,Spain
Vega,Female,Spain
Enzo,Male,Spain
Olivia,Female,Spain
Marco,Male,Spain
Sara,Female,Spain
Oliver,Male,Spain
Irene,Female,Spain
Thiago,Male,Spain
Ariadna,Female,Spain
Gael,Male,Spain
Laia,Female,Spain
Gonzalo,Male,Spain
Ana,Female,Spain
Hugo,Male,Spain
Sofía,Female,Spain
Mateo,Male,Spain
María,Female,Spain
Leo,Male,Spain
Paula,Female,Spain
Alejandro,Male,Spain
Emma,Female,Spain
Manuel,Male,Spain
Alba,Female,Spain
Adrián,Male,Spain
Carmen,Female,Spain
Diego,Male,Spain
Noa,Female,Spain
Javier,Male,Spain
Mía,Female,Spain
Izan,Male,Spain
Hanna,Female,Spain
Bruno,Male,Spain
Lola,Female,Spain
Antonio,Male,Spain
Elena,Female,Spain
Sergio,Male,Spain
Claudia,Female,Spain
Nicolás,Male,Spain
Lucía,Female,Spain
Martín,Male,Spain
Martina,Female,Spain
Lucas,Male,Spain
Julia,Female,Spain
Daniel,Male,Spain
Valeria,Female,Spain
Pablo,Male,Spain
Daniela,Female,Spain
Álvaro,Male,Spain
Carla,Female,Spain
Mario,Male,Spain
Vega,Female,Spain
Enzo,Male,Spain
Olivia,Female,Spain
Marco,Male,Spain
Sara,Female,Spain
Oliver,Male,Spain
Irene,Female,Spain
Thiago,Male,Spain
Ariadna,Female,Spain
Gael,Male,Spain
Laia,Female,Spain
Gonzalo,Male,Spain
Ana,Female,Spain
Hugo,Male,Spain
Sofía,Female,Spain
Mateo,Male,Spain
María,Female,Spain
Leo,Male,Spain
Paula,Female,Spain
Alejandro,Male,Spain
Emma,Female,Spain
Manuel,Male,Spain
Alba,Female,Spain
Adrián,Male,Spain
Carmen,Female,Spain
Diego,Male,Spain
Noa,Female,Spain
Javier,Male,Spain
Mía,Female,Spain
Izan,Male,Spain
Hanna,Female,Spain
Bruno,Male,Spain
Lola,Female,Spain
Antonio,Male,Spain
Elena,Female,Spain
Sergio,Male,Spain
Claudia,Female,Spain
Nicolás,Male,Spain
Lucía,Female,Spain
Martín,Male,Spain
Martina,Female,Spain
Lucas,Male,Spain
Julia,Female,Spain
Daniel,Male,Spain
Valeria,Female,Spain
Pablo,Male,Spain
Daniela,Female,Spain
Álvaro,Male,Spain
Carla,Female,Spain
Mario,Male,Spain
Vega,Female,Spain
Enzo,Male,Spain
Olivia,Female,Spain
Marco,Male,Spain
Sara,Female,Spain
Oliver,Male,Spain
Irene,Female,Spain
Thiago,Male,Spain
Ariadna,Female,Spain
Gael,Male,Spain
Laia,Female,Spain
Gonzalo,Male,Spain
Ana,Female,Spain
Hugo,Male,Spain
Sofía,Female,Spain
Mateo,Male,Spain
María,Female,Spain
Leo,Male,Spain
Paula,Female,Spain
Alejandro,Male,Spain
Emma,Female,Spain
Manuel,Male,Spain
Alba,Female,Spain
Adrián,Male,Spain
Carmen,Female,Spain
Diego,Male,Spain
Noa,Female,Spain
Javier,Male,Spain
Mía,Female,Spain
Izan,Male,Spain
Hanna,Female,Spain
Bruno,Male,Spain
Lola,Female,Spain
Antonio,Male,Spain
Elena,Female,Spain
Sergio,Male,Spain
Claudia,Female,Spain
Nicolás,Male,Spain
Lucía,Female,Spain
Martín,Male,Spain
Martina,Female,Spain
Lucas,Male,Spain
Julia,Female,Spain
Daniel,Male,Spain
Valeria,Female,Spain
Pablo,Male,Spain
Daniela,Female,Spain
Álvaro,Male,Spain
Carla,Female,Spain
Mario,Male,Spain
Vega,Female,Spain
Enzo,Male,Spain
Olivia,Female,Spain
Marco,Male,Spain
Sara,Female,Spain
Oliver,Male,Spain
Irene,Female,Spain
Thiago,Male,Spain
Ariadna,Female,Spain
Gael,Male,Spain
Laia,Female,Spain
Gonzalo,Male,Spain
Ana,Female,Spain
Hugo,Male,Spain
Sofía,Female,Spain
Mateo,Male,Spain
María,Female,Spain
Leo,Male,Spain
Paula,Female,Spain
Alejandro,Male,Spain
Emma,Female,Spain
Manuel,Male,Spain
Alba,Female,Spain
Adrián,Male,Spain
Carmen,Female,Spain
Diego,Male,Spain
Noa,Female,Spain
Javier,Male,Spain
Mía,Female,Spain
Izan,Male,Spain
Hanna,Female,Spain
Bruno,Male,Spain
Lola,Female,Spain
Antonio,Male,Spain
Elena,Female,Spain
Sergio,Male,Spain
Claudia,Female,Spain
Nicolás,Male,Spain
Lucía,Female,Spain
Martín,Male,Spain
Martina,Female,Spain
Lucas,Male,Spain
Julia,Female,Spain
Daniel,Male,Spain
Valeria,Female,Spain
Pablo,Male,Spain
Daniela,Female,Spain
Álvaro,Male,Spain
Carla,Female,Spain
Mario,Male,Spain
Vega,Female,Spain
Enzo,Male,Spain
Olivia,Female,Spain
Marco,Male,Spain
Sara,Female,Spain
Oliver,Male,Spain
Irene,Female,Spain
Thiago,Male,Spain
Ariadna,Female,Spain
Gael,Male,Spain
Laia,Female,Spain
Gonzalo,Male,Spain
Ana,Female,Spain
Hugo,Male,Spain
Sofía,Female,Spain
Mateo,Male,Spain
María,Female,Spain
Leo,Male,Spain
Paula,Female,Spain
Alejandro,Male,Spain
Emma,Female,Spain
Manuel,Male,Spain
Alba,Female,Spain
Adrián,Male,Spain
Carmen,Female,Spain
Diego,Male,Spain
Noa,Female,Spain
Javier,Male,Spain
Mía,Female,Spain
Izan,Male,Spain
Hanna,Female,Spain
Bruno,Male,Spain
Lola,Female,Spain
Antonio,Male,Spain
Elena,Female,Spain
Sergio,Male,Spain
Claudia,Female,Spain
Nicolás,Male,Spain
Lucía,Female,Spain
Martín,Male,Spain
Martina,Female,Spain
Lucas,Male,Spain
Julia,Female,Spain
Daniel,Male,Spain
Valeria,Female,Spain
Pablo,Male,Spain
Daniela,Female,Spain
Álvaro,Male,Spain
Carla,Female,Spain
Mario,Male,Spain
Vega,Female,Spain
Enzo,Male,Spain
Olivia,Female,Spain
Marco,Male,Spain
Sara,Female,Spain
Oliver,Male,Spain
Irene,Female,Spain
Thiago,Male,Spain
Ariadna,Female,Spain
Gael,Male,Spain
Laia,Female,Spain
Gonzalo,Male,Spain
Ana,Female,Spain
Hugo,Male,Spain
Sofía,Female,Spain
Mateo,Male,Spain
María,Female,Spain
Leo,Male,Spain
Paula,Female,Spain
Alejandro,Male,Spain
Emma,Female,Spain
Manuel,Male,Spain
Alba,Female,Spain
Adrián,Male,Spain
Carmen,Female,Spain
Diego,Male,Spain
Noa,Female,Spain
Javier,Male,Spain
Mía,Female,Spain
Izan,Male,Spain
Hanna,Female,Spain
Bruno,Male,Spain
Lola,Female,Spain
Antonio,Male,Spain
Elena,Female,Spain
Sergio,Male,Spain
Claudia,Female,Spain
Nicolás,Male,Spain
Lucía,Female,Spain
Martín,Male,Spain
Martina,Female,Spain
Lucas,Male,Spain
Julia,Female,Spain
Daniel,Male,Spain
Valeria,Female,Spain
Pablo,Male,Spain
Daniela,Female,Spain
Álvaro,Male,Spain
Carla,Female,Spain
Mario,Male,Spain
Vega,Female,Spain
Enzo,Male,Spain
Olivia,Female,Spain
Marco,Male,Spain
Sara,Female,Spain
Oliver,Male,Spain
Irene,Female,Spain
Thiago,Male,Spain
Ariadna,Female,Spain
Gael,Male,Spain
Laia,Female,Spain
Gonzalo,Male,Spain
Ana,Female,Spain
Hugo,Male,Spain
Sofía,Female,Spain
Mateo,Male,Spain
María,Female,Spain
Leo,Male,Spain
Paula,Female,Spain
Alejandro,Male,Spain
Emma,Female,Spain
Manuel,Male,Spain
Alba,Female,Spain
Adrián,Male,Spain
Carmen,Female,Spain
Diego,Male,Spain
Noa,Female,Spain
Javier,Male,Spain
Mía,Female,Spain
Izan,Male,Spain
Hanna,Female,Spain
Bruno,Male,Spain
Lola,Female,Spain
Antonio,Male,Spain
Elena,Female,Spain
Sergio,Male,Spain
Claudia,Female,Spain
Nicolás,Male,Spain
Lucía,Female,Spain
Martín,Male,Spain
Martina,Female,Spain
Lucas,Male,Spain
Julia,Female,Spain
Daniel,Male,Spain
Valeria,Female,Spain
Pablo,Male,Spain
Daniela,Female,Spain
Álvaro,Male,Spain
Carla,Female,Spain
Mario,Male,Spain
Vega,Female,Spain
Enzo,Male,Spain
Olivia,Female,Spain
Marco,Male,Spain
Sara,Female,Spain
Oliver,Male,Spain
Irene,Female,Spain
Thiago,Male,Spain
Ariadna,Female,Spain
Gael,Male,Spain
Laia,Female,Spain
Gonzalo,Male,Spain
Ana,Female,Spain
Hugo,Male,Spain
Sofía,Female,Spain
Mateo,Male,Spain
María,Female,Spain
Leo,Male,Spain
Paula,Female,Spain
Alejandro,Male,Spain
Emma,Female,Spain
Manuel,Male,Spain
Alba,Female,Spain
Adrián,Male,Spain
Carmen,Female,Spain
Diego,Male,Spain
Noa,Female,Spain
Javier,Male,Spain
Mía,Female,Spain
Izan,Male,Spain
Hanna,Female,Spain
Bruno,Male,Spain
Lola,Female,Spain
Antonio,Male,Spain
Elena,Female,Spain
Sergio,Male,Spain
Claudia,Female,Spain
Nicolás,Male,Spain
Lucía,Female,Spain
Martín,Male,Spain
Martina,Female,Spain
Lucas,Male,Spain
Julia,Female,Spain
Daniel,Male,Spain
Valeria,Female,Spain
Pablo,Male,Spain
Daniela,Female,Spain
Álvaro,Male,Spain
Carla,Female,Spain
Mario,Male,Spain
Vega,Female,Spain
Enzo,Male,Spain
Olivia,Female,Spain
Marco,Male,Spain
Sara,Female,Spain
Oliver,Male,Spain
Irene,Female,Spain
Thiago,Male,Spain
Ariadna,Female,Spain
Gael,Male,Spain
Laia,Female,Spain
Gonzalo,Male,Spain
Ana,Female,Spain
Hugo,Male,Spain
Sofía,Female,Spain
Mateo,Male,Spain
María,Female,Spain
Leo,Male,Spain
Paula,Female,Spain
Alejandro,Male,Spain
Emma,Female,Spain
Manuel,Male,Spain
Alba,Female,Spain
Adrián,Male,Spain
Carmen,Female,Spain
Diego,Male,Spain
Noa,Female,Spain
Javier,Male,Spain
Mía,Female,Spain
Izan,Male,Spain
Hanna,Female,Spain
Bruno,Male,Spain
Lola,Female,Spain
Antonio,Male,Spain
Elena,Female,Spain
Sergio,Male,Spain
Claudia,Female,Spain
Nicolás,Male,Spain
Lucía,Female,Spain
Martín,Male,Spain
Martina,Female,Spain
Lucas,Male,Spain
Julia,Female,Spain
Daniel,Male,Spain
Valeria,Female,Spain
Pablo,Male,Spain
Daniela,Female,Spain
Álvaro,Male,Spain
Carla,Female,Spain
Mario,Male,Spain
Vega,Female,Spain
Enzo,Male,Spain
Olivia,Female,Spain
Marco,Male,Spain
Sara,Female,Spain
Oliver,Male,Spain
Irene,Female,Spain
Thiago,Male,Spain
Ariadna,Female,Spain
Gael,Male,Spain
Laia,Female,Spain
Gonzalo,Male,Spain
Ana,Female,Spain
Hugo,Male,Spain
Sofía,Female,Spain
Mateo,Male,Spain
María,Female,Spain
Leo,Male,Spain
Paula,Female,Spain
Alejandro,Male,Spain
Emma,Female,Spain
Manuel,Male,Spain
Alba,Female,Spain
Adrián,Male,Spain
Carmen,Female,Spain
Diego,Male,Spain
Noa,Female,Spain
Javier,Male,Spain
Mía,Female,Spain
Izan,Male,Spain
Hanna,Female,Spain
Bruno,Male,Spain
Lola,Female,Spain
Antonio,Male,Spain
Elena,Female,Spain
Sergio,Male,Spain
Claudia,Female,Spain
Nicolás,Male,Spain
Lucía,Female,Spain
Martín,Male,Spain
Martina,Female,Spain
Lucas,Male,Spain
Julia,Female,Spain
Daniel,Male,Spain
Valeria,Female,Spain
Pablo,Male,Spain
Daniela,Female,Spain
Álvaro,Male,Spain
Carla,Female,Spain
Mario,Male,Spain
Vega,Female,Spain
Enzo,Male,Spain
Olivia,Female,Spain
Marco,Male,Spain
Sara,Female,Spain
Oliver,Male,Spain
Irene,Female,Spain
Thiago,Male,Spain
Ariadna,Female,Spain
Gael,Male,Spain
Laia,Female,Spain
Gonzalo,Male,Spain
Ana,Female,Spain
Hugo,Male,Spain
Sofía,Female,Spain
Mateo,Male,Spain
María,Female,Spain
Leo,Male,Spain
Paula,Female,Spain
Alejandro,Male,Spain
Emma,Female,Spain
Manuel,Male,Spain
Alba,Female,Spain
Adrián,Male,Spain
Carmen,Female,Spain
Diego,Male,Spain
Noa,Female,Spain
Javier,Male,Spain
Mía,Female,Spain
Izan,Male,Spain
Hanna,Female,Spain
Bruno,Male,Spain
Lola,Female,Spain
Antonio,Male,Spain
Elena,Female,Spain
Sergio,Male,Spain
Claudia,Female,Spain
Nicolás,Male,Spain
Lucía,Female,Spain
Martín,Male,Spain
Martina,Female,Spain
Lucas,Male,Spain
Julia,Female,Spain
Daniel,Male,Spain
Valeria,Female,Spain
Pablo,Male,Spain
Daniela,Female,Spain
Álvaro,Male,Spain
Carla,Female,Spain
Mario,Male,Spain
Vega,Female,Spain
Enzo,Male,Spain
Olivia,Female,Spain
Marco,Male,Spain
Sara,Female,Spain
Oliver,Male,Spain
Irene,Female,Spain
Thiago,Male,Spain
Ariadna,Female,Spain
Gael,Male,Spain
Laia,Female,Spain
Gonzalo,Male,Spain
Ana,Female,Spain
Hugo,Male,Spain
Sofía,Female,Spain
Mateo,Male,Spain
María,Female,Spain
Leo,Male,Spain
Paula,Female,Spain
Alejandro,Male,Spain
Emma,Female,Spain
Manuel,Male,Spain
Alba,Female,Spain
Adrián,Male,Spain
Carmen,Female,Spain
Diego,Male,Spain
Noa,Female,Spain
Javier,Male,Spain
Mía,Female,Spain
Izan,Male,Spain
Hanna,Female,Spain
Bruno,Male,Spain
Lola,Female,Spain
Antonio,Male,Spain
Elena,Female,Spain
Sergio,Male,Spain
Claudia,Female,Spain
Nicolás,Male,Spain
Lucía,Female,Spain
Martín,Male,Spain
Martina,Female,Spain
Lucas,Male,Spain
Julia,Female,Spain
Daniel,Male,Spain
Valeria,Female,Spain
Pablo,Male,Spain
Daniela,Female,Spain
Álvaro,Male,Spain
Carla,Female,Spain
Mario,Male,Spain
Vega,Female,Spain
Enzo,Male,Spain
Olivia,Female,Spain
Marco,Male,Spain
Sara,Female,Spain
Oliver,Male,Spain
Irene,Female,Spain
Thiago,Male,Spain
Ariadna,Female,Spain
Gael,Male,Spain
Laia,Female,Spain
Gonzalo,Male,Spain
Ana,Female,Spain
Hugo,Male,Spain
Sofía,Female,Spain
Mateo,Male,Spain
María,Female,Spain
Leo,Male,Spain
Paula,Female,Spain
Alejandro,Male,Spain
Emma,Female,Spain
Manuel,Male,Spain
Alba,Female,Spain
Adrián,Male,Spain
Carmen,Female,Spain
Diego,Male,Spain
Noa,Female,Spain
Javier,Male,Spain
Mía,Female,Spain
Izan,Male,Spain
Hanna,Female,Spain
Bruno,Male,Spain
Lola,Female,Spain
Antonio,Male,Spain
Elena,Female,Spain
Sergio,Male,Spain
Claudia,Female,Spain
Nicolás,Male,Spain
Lucía,Female,Spain
Martín,Male,Spain
Martina,Female,Spain
Lucas,Male,Spain
Julia,Female,Spain
Daniel,Male,Spain
Valeria,Female,Spain
Pablo,Male,Spain
Daniela,Female,Spain
Álvaro,Male,Spain
Carla,Female,Spain
Mario,Male,Spain
Vega,Female,Spain
Enzo,Male,Spain
Olivia,Female,Spain
Marco,Male,Spain
Sara,Female,Spain
Oliver,Male,Spain
Irene,Female,Spain
Thiago,Male,Spain
Ariadna,Female,Spain
Gael,Male,Spain
Laia,Female,Spain
Gonzalo,Male,Spain
Ana,Female,Spain
Hugo,Male,Spain
Sofía,Female,Spain
Mateo,Male,Spain
María,Female,Spain
Leo,Male,Spain
Paula,Female,Spain
Alejandro,Male,Spain
Emma,Female,Spain
Manuel,Male,Spain
Alba,Female,Spain
Adrián,Male,Spain
Carmen,Female,Spain
Diego,Male,Spain
Noa,Female,Spain
Javier,Male,Spain
Mía,Female,Spain
Izan,Male,Spain
Hanna,Female,Spain
Bruno,Male,Spain
Lola,Female,Spain
Antonio,Male,Spain
Elena,Female,Spain
Sergio,Male,Spain
Claudia,Female,Spain
Nicolás,Male,Spain
Lucía,Female,Spain
Martín,Male,Spain
Martina,Female,Spain
Lucas,Male,Spain
Julia,Female,Spain
Daniel,Male,Spain
Valeria,Female,Spain
Pablo,Male,Spain
Daniela,Female,Spain
Álvaro,Male,Spain
Carla,Female,Spain
Mario,Male,Spain
Vega,Female,Spain
Enzo,Male,Spain
Olivia,Female,Spain
Marco,Male,Spain
Sara,Female,Spain
Oliver,Male,Spain
Irene,Female,Spain
Thiago,Male,Spain
Ariadna,Female,Spain
Gael,Male,Spain
Laia,Female,Spain
Gonzalo,Male,Spain
Ana,Female,Spain
Hugo,Male,Spain
Sofía,Female,Spain
Mateo,Male,Spain
María,Female,Spain
Leo,Male,Spain
Paula,Female,Spain
Alejandro,Male,Spain
Emma,Female,Spain
Manuel,Male,Spain
Alba,Female,Spain
Adrián,Male,Spain
Carmen,Female,Spain
Diego,Male,Spain
Noa,Female,Spain
Javier,Male,Spain
Mía,Female,Spain
Izan,Male,Spain
Hanna,Female,Spain
Bruno,Male,Spain
Lola,Female,Spain
Antonio,Male,Spain
Elena,Female,Spain
Sergio,Male,Spain
Claudia,Female,Spain
Nicolás,Male,Spain
Lucía,Female,Spain
Martín,Male,Spain
Martina,Female,Spain
Lucas,Male,Spain
Julia,Female,Spain
Daniel,Male,Spain
Valeria,Female,Spain
Pablo,Male,Spain
Daniela,Female,Spain
Álvaro,Male,Spain
Carla,Female,Spain
Mario,Male,Spain
Vega,Female,Spain
Enzo,Male,Spain
Olivia,Female,Spain
Marco,Male,Spain
Sara,Female,Spain
Oliver,Male,Spain
Irene,Female,Spain
Thiago,Male,Spain
Ariadna,Female,Spain
Gael,Male,Spain
Laia,Female,Spain
Gonzalo,Male,Spain
Ana,Female,Spain
Hugo,Male,Spain
Sofía,Female,Spain
Mateo,Male,Spain
María,Female,Spain
Leo,Male,Spain
Paula,Female,Spain
Alejandro,Male,Spain
Emma,Female,Spain
Manuel,Male,Spain
Alba,Female,Spain
Adrián,Male,Spain
Carmen,Female,Spain
Diego,Male,Spain
Noa,Female,Spain
Javier,Male,Spain
Mía,Female,Spain
Izan,Male,Spain
Hanna,Female,Spain
Bruno,Male,Spain
Lola,Female,Spain
Antonio,Male,Spain
Elena,Female,Spain
Sergio,Male,Spain
Claudia,Female,Spain
Nicolás,Male,Spain
Lucía,Female,Spain
Martín,Male,Spain
Martina,Female,Spain
Lucas,Male,Spain
Julia,Female,Spain
Daniel,Male,Spain
Valeria,Female,Spain
Pablo,Male,Spain
Daniela,Female,Spain
Álvaro,Male,Spain
Carla,Female,Spain
Mario,Male,Spain
Vega,Female,Spain
Enzo,Male,Spain
Olivia,Female,Spain
Marco,Male,Spain
Sara,Female,Spain
Oliver,Male,Spain
Irene,Female,Spain
Thiago,Male,Spain
Ariadna,Female,Spain
Gael,Male,Spain
Laia,Female,Spain
Gonzalo,Male,Spain
Ana,Female,Spain
Hugo,Male,Spain
Sofía,Female,Spain
Mateo,Male,Spain
María,Female,Spain
Leo,Male,Spain
Paula,Female,Spain
Alejandro,Male,Spain
Emma,Female,Spain
Manuel,Male,Spain
Alba,Female,Spain
Adrián,Male,Spain
Carmen,Female,Spain
Diego,Male,Spain
Noa,Female,Spain
Javier,Male,Spain
Mía,Female,Spain
Izan,Male,Spain
Hanna,Female,Spain
Bruno,Male,Spain
Lola,Female,Spain
Antonio,Male,Spain
Elena,Female,Spain
Sergio,Male,Spain
Claudia,Female,Spain
Nicolás,Male,Spain
Lucía,Female,Spain
Martín,Male,Spain
Martina,Female,Spain
Lucas,Male,Spain
Julia,Female,Spain
Daniel,Male,Spain
Valeria,Female,Spain
Pablo,Male,Spain
Daniela,Female,Spain
Álvaro,Male,Spain
Carla,Female,Spain
Mario,Male,Spain
Vega,Female,Spain
Enzo,Male,Spain
Olivia,Female,Spain
Marco,Male,Spain
Sara,Female,Spain
Oliver,Male,Spain
Irene,Female,Spain
Thiago,Male,Spain
Ariadna,Female,Spain
Gael,Male,Spain
Laia,Female,Spain
Gonzalo,Male,Spain
Ana,Female,Spain
Hugo,Male,Spain
Sofía,Female,Spain
Mateo,Male,Spain
María,Female,Spain
Leo,Male,Spain
Paula,Female,Spain
Alejandro,Male,Spain
Emma,Female,Spain
Manuel,Male,Spain
Alba,Female,Spain
Adrián,Male,Spain
Carmen,Female,Spain
Diego,Male,Spain
Noa,Female,Spain
Javier,Male,Spain
Mía,Female,Spain
Izan,Male,Spain
Hanna,Female,Spain
Bruno,Male,Spain
Lola,Female,Spain
Antonio,Male,Spain
Elena,Female,Spain
Sergio,Male,Spain
Claudia,Female,Spain
Nicolás,Male,Spain
Lucía,Female,Spain
Martín,Male,Spain
Martina,Female,Spain
Lucas,Male,Spain
Julia,Female,Spain
Daniel,Male,Spain
Valeria,Female,Spain
Pablo,Male,Spain
Daniela,Female,Spain
Álvaro,Male,Spain
Carla,Female,Spain
Mario,Male,Spain
Vega,Female,Spain
Enzo,Male,Spain
Olivia,Female,Spain
Marco,Male,Spain
Sara,Female,Spain
Oliver,Male,Spain
Irene,Female,Spain
Thiago,Male,Spain
Ariadna,Female,Spain
Gael,Male,Spain
Laia,Female,Spain
Gonzalo,Male,Spain
Ana,Female,Spain
Hugo,Male,Spain
Sofía,Female,Spain
Mateo,Male,Spain
María,Female,Spain
Leo,Male,Spain
Paula,Female,Spain
Alejandro,Male,Spain
Emma,Female,Spain
Manuel,Male,Spain
Alba,Female,Spain
Adrián,Male,Spain
Carmen,Female,Spain
Diego,Male,Spain
Noa,Female,Spain
Javier,Male,Spain
Mía,Female,Spain
Izan,Male,Spain
Hanna,Female,Spain
Bruno,Male,Spain
Lola,Female,Spain
Antonio,Male,Spain
Elena,Female,Spain
Sergio,Male,Spain
Claudia,Female,Spain
Nicolás,Male,Spain
Lucía,Female,Spain
Martín,Male,Spain
Martina,Female,Spain
Lucas,Male,Spain
Julia,Female,Spain
Daniel,Male,Spain
Valeria,Female,Spain
Pablo,Male,Spain
Daniela,Female,Spain
Álvaro,Male,Spain
Carla,Female,Spain
Mario,Male,Spain
Vega,Female,Spain
Enzo,Male,Spain
Olivia,Female,Spain
Marco,Male,Spain
Sara,Female,Spain
Oliver,Male,Spain
Irene,Female,Spain
Thiago,Male,Spain
Ariadna,Female,Spain
Gael,Male,Spain
Laia,Female,Spain
Gonzalo,Male,Spain
Ana,Female,Spain
William,Male,Denmark
Freja,Female,Denmark
Lucas,Male,Denmark
Ella,Female,Denmark
Oliver,Male,Denmark
Agnes,Female,Denmark
Emil,Male,Denmark
Ida,Female,Denmark
Elias,Male,Denmark
Karla,Female,Denmark
Aksel,Male,Denmark
Laura,Female,Denmark
August,Male,Denmark
Anna,Female,Denmark
Magnus,Male,Denmark
Olivia,Female,Denmark
Felix,Male,Denmark
Astrid,Female,Denmark
Storm,Male,Denmark
Sara,Female,Denmark
Marius,Male,Denmark
Sigrid,Female,Denmark
Theodor,Male,Denmark
Liv,Female,Denmark
Anton,Male,Denmark
Alma,Female,Denmark
Noah,Male,Denmark
Clara,Female,Denmark
Oscar,Male,Denmark
Emma,Female,Denmark
Alfred,Male,Denmark
Nora,Female,Denmark
Frederik,Male,Denmark
Asta,Female,Denmark
Valdemar,Male,Denmark
Sofie,Female,Denmark
Viktor,Male,Denmark
Luna,Female,Denmark
Malthe,Male,Denmark
Ellen,Female,Denmark
Carl,Male,Denmark
Frida,Female,Denmark
Mikkel,Male,Denmark
Marie,Female,Denmark
Johan,Male,Denmark
Emily,Female,Denmark
Philip,Male,Denmark
Maja,Female,Denmark
Gustav,Male,Denmark
Victoria,Female,Denmark
William,Male,Denmark
Freja,Female,Denmark
Lucas,Male,Denmark
Ella,Female,Denmark
Oliver,Male,Denmark
Agnes,Female,Denmark
Emil,Male,Denmark
Ida,Female,Denmark
Elias,Male,Denmark
Karla,Female,Denmark
Aksel,Male,Denmark
Laura,Female,Denmark
August,Male,Denmark
Anna,Female,Denmark
Magnus,Male,Denmark
Olivia,Female,Denmark
Felix,Male,Denmark
Astrid,Female,Denmark
Storm,Male,Denmark
Sara,Female,Denmark
Marius,Male,Denmark
Sigrid,Female,Denmark
Theodor,Male,Denmark
Liv,Female,Denmark
Anton,Male,Denmark
Alma,Female,Denmark
Noah,Male,Denmark
Clara,Female,Denmark
Oscar,Male,Denmark
Emma,Female,Denmark
Alfred,Male,Denmark
Nora,Female,Denmark
Frederik,Male,Denmark
Asta,Female,Denmark
Valdemar,Male,Denmark
Sofie,Female,Denmark
Viktor,Male,Denmark
Luna,Female,Denmark
Malthe,Male,Denmark
Ellen,Female,Denmark
Carl,Male,Denmark
Frida,Female,Denmark
Mikkel,Male,Denmark
Marie,Female,Denmark
Johan,Male,Denmark
Emily,Female,Denmark
Philip,Male,Denmark
Maja,Female,Denmark
Gustav,Male,Denmark
Victoria,Female,Denmark
William,Male,Denmark
Freja,Female,Denmark
Lucas,Male,Denmark
Ella,Female,Denmark
Oliver,Male,Denmark
Agnes,Female,Denmark
Emil,Male,Denmark
Ida,Female,Denmark
Elias,Male,Denmark
Karla,Female,Denmark
Aksel,Male,Denmark
Laura,Female,Denmark
August,Male,Denmark
Anna,Female,Denmark
Magnus,Male,Denmark
Olivia,Female,Denmark
Felix,Male,Denmark
Astrid,Female,Denmark
Storm,Male,Denmark
Sara,Female,Denmark
Marius,Male,Denmark
Sigrid,Female,Denmark
Theodor,Male,Denmark
Liv,Female,Denmark
Anton,Male,Denmark
Alma,Female,Denmark
Noah,Male,Denmark
Clara,Female,Denmark
Oscar,Male,Denmark
Emma,Female,Denmark
Alfred,Male,Denmark
Nora,Female,Denmark
Frederik,Male,Denmark
Asta,Female,Denmark
Valdemar,Male,Denmark
Sofie,Female,Denmark
Viktor,Male,Denmark
Luna,Female,Denmark
Malthe,Male,Denmark
Ellen,Female,Denmark
Carl,Male,Denmark
Frida,Female,Denmark
Mikkel,Male,Denmark
Marie,Female,Denmark
Johan,Male,Denmark
Emily,Female,Denmark
Philip,Male,Denmark
Maja,Female,Denmark
Gustav,Male,Denmark
Victoria,Female,Denmark
William,Male,Denmark
Freja,Female,Denmark
Lucas,Male,Denmark
Ella,Female,Denmark
Oliver,Male,Denmark
Agnes,Female,Denmark
Emil,Male,Denmark
Ida,Female,Denmark
Elias,Male,Denmark
Karla,Female,Denmark
Aksel,Male,Denmark
Laura,Female,Denmark
August,Male,Denmark
Anna,Female,Denmark
Magnus,Male,Denmark
Olivia,Female,Denmark
Felix,Male,Denmark
Astrid,Female,Denmark
Storm,Male,Denmark
Sara,Female,Denmark
Marius,Male,Denmark
Sigrid,Female,Denmark
Theodor,Male,Denmark
Liv,Female,Denmark
Anton,Male,Denmark
Alma,Female,Denmark
Noah,Male,Denmark
Clara,Female,Denmark
Oscar,Male,Denmark
Emma,Female,Denmark
Alfred,Male,Denmark
Nora,Female,Denmark
Frederik,Male,Denmark
Asta,Female,Denmark
Valdemar,Male,Denmark
Sofie,Female,Denmark
Viktor,Male,Denmark
Luna,Female,Denmark
Malthe,Male,Denmark
Ellen,Female,Denmark
Carl,Male,Denmark
Frida,Female,Denmark
Mikkel,Male,Denmark
Marie,Female,Denmark
Johan,Male,Denmark
Emily,Female,Denmark
Philip,Male,Denmark
Maja,Female,Denmark
Gustav,Male,Denmark
Victoria,Female,Denmark
William,Male,Denmark
Freja,Female,Denmark
Lucas,Male,Denmark
Ella,Female,Denmark
Oliver,Male,Denmark
Agnes,Female,Denmark
Emil,Male,Denmark
Ida,Female,Denmark
Elias,Male,Denmark
Karla,Female,Denmark
Aksel,Male,Denmark
Laura,Female,Denmark
August,Male,Denmark
Anna,Female,Denmark
Magnus,Male,Denmark
Olivia,Female,Denmark
Felix,Male,Denmark
Astrid,Female,Denmark
Storm,Male,Denmark
Sara,Female,Denmark
Marius,Male,Denmark
Sigrid,Female,Denmark
Theodor,Male,Denmark
Liv,Female,Denmark
Anton,Male,Denmark
Alma,Female,Denmark
Noah,Male,Denmark
Clara,Female,Denmark
Oscar,Male,Denmark
Emma,Female,Denmark
Alfred,Male,Denmark
Nora,Female,Denmark
Frederik,Male,Denmark
Asta,Female,Denmark
Valdemar,Male,Denmark
Sofie,Female,Denmark
Viktor,Male,Denmark
Luna,Female,Denmark
Malthe,Male,Denmark
Ellen,Female,Denmark
Carl,Male,Denmark
Frida,Female,Denmark
Mikkel,Male,Denmark
Marie,Female,Denmark
Johan,Male,Denmark
Emily,Female,Denmark
Philip,Male,Denmark
Maja,Female,Denmark
Gustav,Male,Denmark
Victoria,Female,Denmark
William,Male,Denmark
Freja,Female,Denmark
Lucas,Male,Denmark
Ella,Female,Denmark
Oliver,Male,Denmark
Agnes,Female,Denmark
Emil,Male,Denmark
Ida,Female,Denmark
Elias,Male,Denmark
Karla,Female,Denmark
Aksel,Male,Denmark
Laura,Female,Denmark
August,Male,Denmark
Anna,Female,Denmark
Magnus,Male,Denmark
Olivia,Female,Denmark
Felix,Male,Denmark
Astrid,Female,Denmark
Storm,Male,Denmark
Sara,Female,Denmark
Marius,Male,Denmark
Sigrid,Female,Denmark
Theodor,Male,Denmark
Liv,Female,Denmark
Anton,Male,Denmark
Alma,Female,Denmark
Noah,Male,Denmark
Clara,Female,Denmark
Oscar,Male,Denmark
Emma,Female,Denmark
Alfred,Male,Denmark
Nora,Female,Denmark
Frederik,Male,Denmark
Asta,Female,Denmark
Valdemar,Male,Denmark
Sofie,Female,Denmark
Viktor,Male,Denmark
Luna,Female,Denmark
Malthe,Male,Denmark
Ellen,Female,Denmark
Carl,Male,Denmark
Frida,Female,Denmark
Mikkel,Male,Denmark
Marie,Female,Denmark
Johan,Male,Denmark
Emily,Female,Denmark
Philip,Male,Denmark
Maja,Female,Denmark
Gustav,Male,Denmark
Victoria,Female,Denmark
William,Male,Denmark
Freja,Female,Denmark
Lucas,Male,Denmark
Ella,Female,Denmark
Oliver,Male,Denmark
Agnes,Female,Denmark
Emil,Male,Denmark
Ida,Female,Denmark
Elias,Male,Denmark
Karla,Female,Denmark
Aksel,Male,Denmark
Laura,Female,Denmark
August,Male,Denmark
Anna,Female,Denmark
Magnus,Male,Denmark
Olivia,Female,Denmark
Felix,Male,Denmark
Astrid,Female,Denmark
Storm,Male,Denmark
Sara,Female,Denmark
Marius,Male,Denmark
Sigrid,Female,Denmark
Theodor,Male,Denmark
Liv,Female,Denmark
Anton,Male,Denmark
Alma,Female,Denmark
Noah,Male,Denmark
Clara,Female,Denmark
Oscar,Male,Denmark
Emma,Female,Denmark
Alfred,Male,Denmark
Nora,Female,Denmark
Frederik,Male,Denmark
Asta,Female,Denmark
Valdemar,Male,Denmark
Sofie,Female,Denmark
Viktor,Male,Denmark
Luna,Female,Denmark
Malthe,Male,Denmark
Ellen,Female,Denmark
Carl,Male,Denmark
Frida,Female,Denmark
Mikkel,Male,Denmark
Marie,Female,Denmark
Johan,Male,Denmark
Emily,Female,Denmark
Philip,Male,Denmark
Maja,Female,Denmark
Gustav,Male,Denmark
Victoria,Female,Denmark
William,Male,Denmark
Freja,Female,Denmark
Lucas,Male,Denmark
Ella,Female,Denmark
Oliver,Male,Denmark
Agnes,Female,Denmark
Emil,Male,Denmark
Ida,Female,Denmark
Elias,Male,Denmark
Karla,Female,Denmark
Aksel,Male,Denmark
Laura,Female,Denmark
August,Male,Denmark
Anna,Female,Denmark
Magnus,Male,Denmark
Olivia,Female,Denmark
Felix,Male,Denmark
Astrid,Female,Denmark
Storm,Male,Denmark
Sara,Female,Denmark
Marius,Male,Denmark
Sigrid,Female,Denmark
Theodor,Male,Denmark
Liv,Female,Denmark
Anton,Male,Denmark
Alma,Female,Denmark
Noah,Male,Denmark
Clara,Female,Denmark
Oscar,Male,Denmark
Emma,Female,Denmark
Alfred,Male,Denmark
Nora,Female,Denmark
Frederik,Male,Denmark
Asta,Female,Denmark
Valdemar,Male,Denmark
Sofie,Female,Denmark
Viktor,Male,Denmark
Luna,Female,Denmark
Malthe,Male,Denmark
Ellen,Female,Denmark
Carl,Male,Denmark
Frida,Female,Denmark
Mikkel,Male,Denmark
Marie,Female,Denmark
Johan,Male,Denmark
Emily,Female,Denmark
Philip,Male,Denmark
Maja,Female,Denmark
Gustav,Male,Denmark
Victoria,Female,Denmark
William,Male,Denmark
Freja,Female,Denmark
Lucas,Male,Denmark
Ella,Female,Denmark
Oliver,Male,Denmark
Agnes,Female,Denmark
Emil,Male,Denmark
Ida,Female,Denmark
Elias,Male,Denmark
Karla,Female,Denmark
Aksel,Male,Denmark
Laura,Female,Denmark
August,Male,Denmark
Anna,Female,Denmark
Magnus,Male,Denmark
Olivia,Female,Denmark
Felix,Male,Denmark
Astrid,Female,Denmark
Storm,Male,Denmark
Sara,Female,Denmark
Marius,Male,Denmark
Sigrid,Female,Denmark
Theodor,Male,Denmark
Liv,Female,Denmark
Anton,Male,Denmark
Alma,Female,Denmark
Noah,Male,Denmark
Clara,Female,Denmark
Oscar,Male,Denmark
Emma,Female,Denmark
Alfred,Male,Denmark
Nora,Female,Denmark
Frederik,Male,Denmark
Asta,Female,Denmark
Valdemar,Male,Denmark
Sofie,Female,Denmark
Viktor,Male,Denmark
Luna,Female,Denmark
Malthe,Male,Denmark
Ellen,Female,Denmark
Carl,Male,Denmark
Frida,Female,Denmark
Mikkel,Male,Denmark
Marie,Female,Denmark
Johan,Male,Denmark
Emily,Female,Denmark
Philip,Male,Denmark
Maja,Female,Denmark
Gustav,Male,Denmark
Victoria,Female,Denmark
William,Male,Denmark
Freja,Female,Denmark
Lucas,Male,Denmark
Ella,Female,Denmark
Oliver,Male,Denmark
Agnes,Female,Denmark
Emil,Male,Denmark
Ida,Female,Denmark
Elias,Male,Denmark
Karla,Female,Denmark
Aksel,Male,Denmark
Laura,Female,Denmark
August,Male,Denmark
Anna,Female,Denmark
Magnus,Male,Denmark
Olivia,Female,Denmark
Felix,Male,Denmark
Astrid,Female,Denmark
Storm,Male,Denmark
Sara,Female,Denmark
Marius,Male,Denmark
Sigrid,Female,Denmark
Theodor,Male,Denmark
Liv,Female,Denmark
Anton,Male,Denmark
Alma,Female,Denmark
Noah,Male,Denmark
Clara,Female,Denmark
Oscar,Male,Denmark
Emma,Female,Denmark
Alfred,Male,Denmark
Nora,Female,Denmark
Frederik,Male,Denmark
Asta,Female,Denmark
Valdemar,Male,Denmark
Sofie,Female,Denmark
Viktor,Male,Denmark
Luna,Female,Denmark
Malthe,Male,Denmark
Ellen,Female,Denmark
Carl,Male,Denmark
Frida,Female,Denmark
Mikkel,Male,Denmark
Marie,Female,Denmark
Johan,Male,Denmark
Emily,Female,Denmark
Philip,Male,Denmark
Maja,Female,Denmark
Gustav,Male,Denmark
Victoria,Female,Denmark
William,Male,Denmark
Freja,Female,Denmark
Lucas,Male,Denmark
Ella,Female,Denmark
Oliver,Male,Denmark
Agnes,Female,Denmark
Emil,Male,Denmark
Ida,Female,Denmark
Elias,Male,Denmark
Karla,Female,Denmark
Aksel,Male,Denmark
Laura,Female,Denmark
August,Male,Denmark
Anna,Female,Denmark
Magnus,Male,Denmark
Olivia,Female,Denmark
Felix,Male,Denmark
Astrid,Female,Denmark
Storm,Male,Denmark
Sara,Female,Denmark
Marius,Male,Denmark
Sigrid,Female,Denmark
Theodor,Male,Denmark
Liv,Female,Denmark
Anton,Male,Denmark
Alma,Female,Denmark
Noah,Male,Denmark
Clara,Female,Denmark
Oscar,Male,Denmark
Emma,Female,Denmark
Alfred,Male,Denmark
Nora,Female,Denmark
Frederik,Male,Denmark
Asta,Female,Denmark
Valdemar,Male,Denmark
Sofie,Female,Denmark
Viktor,Male,Denmark
Luna,Female,Denmark
Malthe,Male,Denmark
Ellen,Female,Denmark
Carl,Male,Denmark
Frida,Female,Denmark
Mikkel,Male,Denmark
Marie,Female,Denmark
Johan,Male,Denmark
Emily,Female,Denmark
Philip,Male,Denmark
Maja,Female,Denmark
Gustav,Male,Denmark
Victoria,Female,Denmark
William,Male,Denmark
Freja,Female,Denmark
Lucas,Male,Denmark
Ella,Female,Denmark
Oliver,Male,Denmark
Agnes,Female,Denmark
Emil,Male,Denmark
Ida,Female,Denmark
Elias,Male,Denmark
Karla,Female,Denmark
Aksel,Male,Denmark
Laura,Female,Denmark
August,Male,Denmark
Anna,Female,Denmark
Magnus,Male,Denmark
Olivia,Female,Denmark
Felix,Male,Denmark
Astrid,Female,Denmark
Storm,Male,Denmark
Sara,Female,Denmark
Marius,Male,Denmark
Sigrid,Female,Denmark
Theodor,Male,Denmark
Liv,Female,Denmark
Anton,Male,Denmark
Alma,Female,Denmark
Noah,Male,Denmark
Clara,Female,Denmark
Oscar,Male,Denmark
Emma,Female,Denmark
Alfred,Male,Denmark
Nora,Female,Denmark
Frederik,Male,Denmark
Asta,Female,Denmark
Valdemar,Male,Denmark
Sofie,Female,Denmark
Viktor,Male,Denmark
Luna,Female,Denmark
Malthe,Male,Denmark
Ellen,Female,Denmark
Carl,Male,Denmark
Frida,Female,Denmark
Mikkel,Male,Denmark
Marie,Female,Denmark
Johan,Male,Denmark
Emily,Female,Denmark
Philip,Male,Denmark
Maja,Female,Denmark
Gustav,Male,Denmark
Victoria,Female,Denmark
William,Male,Denmark
Freja,Female,Denmark
Lucas,Male,Denmark
Ella,Female,Denmark
Oliver,Male,Denmark
Agnes,Female,Denmark
Emil,Male,Denmark
Ida,Female,Denmark
Elias,Male,Denmark
Karla,Female,Denmark
Aksel,Male,Denmark
Laura,Female,Denmark
August,Male,Denmark
Anna,Female,Denmark
Magnus,Male,Denmark
Olivia,Female,Denmark
Felix,Male,Denmark
Astrid,Female,Denmark
Storm,Male,Denmark
Sara,Female,Denmark
Marius,Male,Denmark
Sigrid,Female,Denmark
Theodor,Male,Denmark
Liv,Female,Denmark
Anton,Male,Denmark
Alma,Female,Denmark
Noah,Male,Denmark
Clara,Female,Denmark
Oscar,Male,Denmark
Emma,Female,Denmark
Alfred,Male,Denmark
Nora,Female,Denmark
Frederik,Male,Denmark
Asta,Female,Denmark
Valdemar,Male,Denmark
Sofie,Female,Denmark
Viktor,Male,Denmark
Luna,Female,Denmark
Malthe,Male,Denmark
Ellen,Female,Denmark
Carl,Male,Denmark
Frida,Female,Denmark
Mikkel,Male,Denmark
Marie,Female,Denmark
Johan,Male,Denmark
Emily,Female,Denmark
Philip,Male,Denmark
Maja,Female,Denmark
Gustav,Male,Denmark
Victoria,Female,Denmark
William,Male,Denmark
Freja,Female,Denmark
Lucas,Male,Denmark
Ella,Female,Denmark
Oliver,Male,Denmark
Agnes,Female,Denmark
Emil,Male,Denmark
Ida,Female,Denmark
Elias,Male,Denmark
Karla,Female,Denmark
Aksel,Male,Denmark
Laura,Female,Denmark
August,Male,Denmark
Anna,Female,Denmark
Magnus,Male,Denmark
Olivia,Female,Denmark
Felix,Male,Denmark
Astrid,Female,Denmark
Storm,Male,Denmark
Sara,Female,Denmark
Marius,Male,Denmark
Sigrid,Female,Denmark
Theodor,Male,Denmark
Liv,Female,Denmark
Anton,Male,Denmark
Alma,Female,Denmark
Noah,Male,Denmark
Clara,Female,Denmark
Oscar,Male,Denmark
Emma,Female,Denmark
Alfred,Male,Denmark
Nora,Female,Denmark
Frederik,Male,Denmark
Asta,Female,Denmark
Valdemar,Male,Denmark
Sofie,Female,Denmark
Viktor,Male,Denmark
Luna,Female,Denmark
Malthe,Male,Denmark
Ellen,Female,Denmark
Carl,Male,Denmark
Frida,Female,Denmark
Mikkel,Male,Denmark
Marie,Female,Denmark
Johan,Male,Denmark
Emily,Female,Denmark
Philip,Male,Denmark
Maja,Female,Denmark
Gustav,Male,Denmark
Victoria,Female,Denmark
William,Male,Denmark
Freja,Female,Denmark
Lucas,Male,Denmark
Ella,Female,Denmark
Oliver,Male,Denmark
Agnes,Female,Denmark
Emil,Male,Denmark
Ida,Female,Denmark
Elias,Male,Denmark
Karla,Female,Denmark
Aksel,Male,Denmark
Laura,Female,Denmark
August,Male,Denmark
Anna,Female,Denmark
Magnus,Male,Denmark
Olivia,Female,Denmark
Felix,Male,Denmark
Astrid,Female,Denmark
Storm,Male,Denmark
Sara,Female,Denmark
Marius,Male,Denmark
Sigrid,Female,Denmark
Theodor,Male,Denmark
Liv,Female,Denmark
Anton,Male,Denmark
Alma,Female,Denmark
Noah,Male,Denmark
Clara,Female,Denmark
Oscar,Male,Denmark
Emma,Female,Denmark
Alfred,Male,Denmark
Nora,Female,Denmark
Frederik,Male,Denmark
Asta,Female,Denmark
Valdemar,Male,Denmark
Sofie,Female,Denmark
Viktor,Male,Denmark
Luna,Female,Denmark
Malthe,Male,Denmark
Ellen,Female,Denmark
Carl,Male,Denmark
Frida,Female,Denmark
Mikkel,Male,Denmark
Marie,Female,Denmark
Johan,Male,Denmark
Emily,Female,Denmark
Philip,Male,Denmark
Maja,Female,Denmark
Gustav,Male,Denmark
Victoria,Female,Denmark
William,Male,Denmark
Freja,Female,Denmark
Lucas,Male,Denmark
Ella,Female,Denmark
Oliver,Male,Denmark
Agnes,Female,Denmark
Emil,Male,Denmark
Ida,Female,Denmark
Elias,Male,Denmark
Karla,Female,Denmark
Aksel,Male,Denmark
Laura,Female,Denmark
August,Male,Denmark
Anna,Female,Denmark
Magnus,Male,Denmark
Olivia,Female,Denmark
Felix,Male,Denmark
Astrid,Female,Denmark
Storm,Male,Denmark
Sara,Female,Denmark
Marius,Male,Denmark
Sigrid,Female,Denmark
Theodor,Male,Denmark
Liv,Female,Denmark
Anton,Male,Denmark
Alma,Female,Denmark
Noah,Male,Denmark
Clara,Female,Denmark
Oscar,Male,Denmark
Emma,Female,Denmark
Alfred,Male,Denmark
Nora,Female,Denmark
Frederik,Male,Denmark
Asta,Female,Denmark
Valdemar,Male,Denmark
Sofie,Female,Denmark
Viktor,Male,Denmark
Luna,Female,Denmark
Malthe,Male,Denmark
Ellen,Female,Denmark
Carl,Male,Denmark
Frida,Female,Denmark
Mikkel,Male,Denmark
Marie,Female,Denmark
Johan,Male,Denmark
Emily,Female,Denmark
Philip,Male,Denmark
Maja,Female,Denmark
Gustav,Male,Denmark
Victoria,Female,Denmark
William,Male,Denmark
Freja,Female,Denmark
Lucas,Male,Denmark
Ella,Female,Denmark
Oliver,Male,Denmark
Agnes,Female,Denmark
Emil,Male,Denmark
Ida,Female,Denmark
Elias,Male,Denmark
Karla,Female,Denmark
Aksel,Male,Denmark
Laura,Female,Denmark
August,Male,Denmark
Anna,Female,Denmark
Magnus,Male,Denmark
Olivia,Female,Denmark
Felix,Male,Denmark
Astrid,Female,Denmark
Storm,Male,Denmark
Sara,Female,Denmark
Marius,Male,Denmark
Sigrid,Female,Denmark
Theodor,Male,Denmark
Liv,Female,Denmark
Anton,Male,Denmark
Alma,Female,Denmark
Noah,Male,Denmark
Clara,Female,Denmark
Oscar,Male,Denmark
Emma,Female,Denmark
Alfred,Male,Denmark
Nora,Female,Denmark
Frederik,Male,Denmark
Asta,Female,Denmark
Valdemar,Male,Denmark
Sofie,Female,Denmark
Viktor,Male,Denmark
Luna,Female,Denmark
Malthe,Male,Denmark
Ellen,Female,Denmark
Carl,Male,Denmark
Frida,Female,Denmark
Mikkel,Male,Denmark
Marie,Female,Denmark
Johan,Male,Denmark
Emily,Female,Denmark
Philip,Male,Denmark
Maja,Female,Denmark
Gustav,Male,Denmark
Victoria,Female,Denmark
William,Male,Denmark
Freja,Female,Denmark
Lucas,Male,Denmark
Ella,Female,Denmark
Oliver,Male,Denmark
Agnes,Female,Denmark
Emil,Male,Denmark
Ida,Female,Denmark
Elias,Male,Denmark
Karla,Female,Denmark
Aksel,Male,Denmark
Laura,Female,Denmark
August,Male,Denmark
Anna,Female,Denmark
Magnus,Male,Denmark
Olivia,Female,Denmark
Felix,Male,Denmark
Astrid,Female,Denmark
Storm,Male,Denmark
Sara,Female,Denmark
Marius,Male,Denmark
Sigrid,Female,Denmark
Theodor,Male,Denmark
Liv,Female,Denmark
Anton,Male,Denmark
Alma,Female,Denmark
Noah,Male,Denmark
Clara,Female,Denmark
Oscar,Male,Denmark
Emma,Female,Denmark
Alfred,Male,Denmark
Nora,Female,Denmark
Frederik,Male,Denmark
Asta,Female,Denmark
Valdemar,Male,Denmark
Sofie,Female,Denmark
Viktor,Male,Denmark
Luna,Female,Denmark
Malthe,Male,Denmark
Ellen,Female,Denmark
Carl,Male,Denmark
Frida,Female,Denmark
Mikkel,Male,Denmark
Marie,Female,Denmark
Johan,Male,Denmark
Emily,Female,Denmark
Philip,Male,Denmark
Maja,Female,Denmark
Gustav,Male,Denmark
Victoria,Female,Denmark
William,Male,Denmark
Freja,Female,Denmark
Lucas,Male,Denmark
Ella,Female,Denmark
Oliver,Male,Denmark
Agnes,Female,Denmark
Emil,Male,Denmark
Ida,Female,Denmark
Elias,Male,Denmark
Karla,Female,Denmark
Aksel,Male,Denmark
Laura,Female,Denmark
August,Male,Denmark
Anna,Female,Denmark
Magnus,Male,Denmark
Olivia,Female,Denmark
Felix,Male,Denmark
Astrid,Female,Denmark
Storm,Male,Denmark
Sara,Female,Denmark
Marius,Male,Denmark
Sigrid,Female,Denmark
Theodor,Male,Denmark
Liv,Female,Denmark
Anton,Male,Denmark
Alma,Female,Denmark
Noah,Male,Denmark
Clara,Female,Denmark
Oscar,Male,Denmark
Emma,Female,Denmark
Alfred,Male,Denmark
Nora,Female,Denmark
Frederik,Male,Denmark
Asta,Female,Denmark
Valdemar,Male,Denmark
Sofie,Female,Denmark
Viktor,Male,Denmark
Luna,Female,Denmark
Malthe,Male,Denmark
Ellen,Female,Denmark
Carl,Male,Denmark
Frida,Female,Denmark
Mikkel,Male,Denmark
Marie,Female,Denmark
Johan,Male,Denmark
Emily,Female,Denmark
Philip,Male,Denmark
Maja,Female,Denmark
Gustav,Male,Denmark
Victoria,Female,Denmark
William,Male,Denmark
Freja,Female,Denmark
Lucas,Male,Denmark
Ella,Female,Denmark
Oliver,Male,Denmark
Agnes,Female,Denmark
Emil,Male,Denmark
Ida,Female,Denmark
Elias,Male,Denmark
Karla,Female,Denmark
Aksel,Male,Denmark
Laura,Female,Denmark
August,Male,Denmark
Anna,Female,Denmark
Magnus,Male,Denmark
Olivia,Female,Denmark
Felix,Male,Denmark
Astrid,Female,Denmark
Storm,Male,Denmark
Sara,Female,Denmark
Marius,Male,Denmark
Sigrid,Female,Denmark
Theodor,Male,Denmark
Liv,Female,Denmark
Anton,Male,Denmark
Alma,Female,Denmark
Noah,Male,Denmark
Clara,Female,Denmark
Oscar,Male,Denmark
Emma,Female,Denmark
Alfred,Male,Denmark
Nora,Female,Denmark
Frederik,Male,Denmark
Asta,Female,Denmark
Valdemar,Male,Denmark
Sofie,Female,Denmark
Viktor,Male,Denmark
Luna,Female,Denmark
Malthe,Male,Denmark
Ellen,Female,Denmark
Carl,Male,Denmark
Frida,Female,Denmark
Mikkel,Male,Denmark
Marie,Female,Denmark
Johan,Male,Denmark
Emily,Female,Denmark
Philip,Male,Denmark
Maja,Female,Denmark
Gustav,Male,Denmark
Victoria,Female,Denmark
Jakob,Male,Norway
Emma,Female,Norway
Oliver,Male,Norway
Sofia,Female,Norway
Emil,Male,Norway
Maja,Female,Norway
William,Male,Norway
Frida,Female,Norway
Isak,Male,Norway
Hedda,Female,Norway
Theodor,Male,Norway
Ida,Female,Norway
Magnus,Male,Norway
Sara,Female,Norway
Elias,Male,Norway
Thea,Female,Norway
Leon,Male,Norway
Hanna,Female,Norway
Håkon,Male,Norway
Linnea,Female,Norway
Mikkel,Male,Norway
Live,Female,Norway
Even,Male,Norway
Vilde,Female,Norway
Jonas,Male,Norway
Nora,Female,Norway
Lucas,Male,Norway
Olivia,Female,Norway
Noah,Male,Norway
Ella,Female,Norway
Filip,Male,Norway
Ingrid,Female,Norway
Aksel,Male,Norway
Sofie,Female,Norway
Oskar,Male,Norway
Astrid,Female,Norway
Liam,Male,Norway
Tuva,Female,Norway
Henrik,Male,Norway
Amalie,Female,Norway
Sander,Male,Norway
Ane,Female,Norway
Theo,Male,Norway
Julie,Female,Norway
Johannes,Male,Norway
Marie,Female,Norway
Tobias,Male,Norway
Anna,Female,Norway
Mats,Male,Norway
Lilly,Female,Norway
Jakob,Male,Norway
Emma,Female,Norway
Oliver,Male,Norway
Sofia,Female,Norway
Emil,Male,Norway
Maja,Female,Norway
William,Male,Norway
Frida,Female,Norway
Isak,Male,Norway
Hedda,Female,Norway
Theodor,Male,Norway
Ida,Female,Norway
Magnus,Male,Norway
Sara,Female,Norway
Elias,Male,Norway
Thea,Female,Norway
Leon,Male,Norway
Hanna,Female,Norway
Håkon,Male,Norway
Linnea,Female,Norway
Mikkel,Male,Norway
Live,Female,Norway
Even,Male,Norway
Vilde,Female,Norway
Jonas,Male,Norway
Nora,Female,Norway
Lucas,Male,Norway
Olivia,Female,Norway
Noah,Male,Norway
Ella,Female,Norway
Filip,Male,Norway
Ingrid,Female,Norway
Aksel,Male,Norway
Sofie,Female,Norway
Oskar,Male,Norway
Astrid,Female,Norway
Liam,Male,Norway
Tuva,Female,Norway
Henrik,Male,Norway
Amalie,Female,Norway
Sander,Male,Norway
Ane,Female,Norway
Theo,Male,Norway
Julie,Female,Norway
Johannes,Male,Norway
Marie,Female,Norway
Tobias,Male,Norway
Anna,Female,Norway
Mats,Male,Norway
Lilly,Female,Norway
Jakob,Male,Norway
Emma,Female,Norway
Oliver,Male,Norway
Sofia,Female,Norway
Emil,Male,Norway
Maja,Female,Norway
William,Male,Norway
Frida,Female,Norway
Isak,Male,Norway
Hedda,Female,Norway
Theodor,Male,Norway
Ida,Female,Norway
Magnus,Male,Norway
Sara,Female,Norway
Elias,Male,Norway
Thea,Female,Norway
Leon,Male,Norway
Hanna,Female,Norway
Håkon,Male,Norway
Linnea,Female,Norway
Mikkel,Male,Norway
Live,Female,Norway
Even,Male,Norway
Vilde,Female,Norway
Jonas,Male,Norway
Nora,Female,Norway
Lucas,Male,Norway
Olivia,Female,Norway
Noah,Male,Norway
Ella,Female,Norway
Filip,Male,Norway
Ingrid,Female,Norway
Aksel,Male,Norway
Sofie,Female,Norway
Oskar,Male,Norway
Astrid,Female,Norway
Liam,Male,Norway
Tuva,Female,Norway
Henrik,Male,Norway
Amalie,Female,Norway
Sander,Male,Norway
Ane,Female,Norway
Theo,Male,Norway
Julie,Female,Norway
Johannes,Male,Norway
Marie,Female,Norway
Tobias,Male,Norway
Anna,Female,Norway
Mats,Male,Norway
Lilly,Female,Norway
Jakob,Male,Norway
Emma,Female,Norway
Oliver,Male,Norway
Sofia,Female,Norway
Emil,Male,Norway
Maja,Female,Norway
William,Male,Norway
Frida,Female,Norway
Isak,Male,Norway
Hedda,Female,Norway
Theodor,Male,Norway
Ida,Female,Norway
Magnus,Male,Norway
Sara,Female,Norway
Elias,Male,Norway
Thea,Female,Norway
Leon,Male,Norway
Hanna,Female,Norway
Håkon,Male,Norway
Linnea,Female,Norway
Mikkel,Male,Norway
Live,Female,Norway
Even,Male,Norway
Vilde,Female,Norway
Jonas,Male,Norway
Nora,Female,Norway
Lucas,Male,Norway
Olivia,Female,Norway
Noah,Male,Norway
Ella,Female,Norway
Filip,Male,Norway
Ingrid,Female,Norway
Aksel,Male,Norway
Sofie,Female,Norway
Oskar,Male,Norway
Astrid,Female,Norway
Liam,Male,Norway
Tuva,Female,Norway
Henrik,Male,Norway
Amalie,Female,Norway
Sander,Male,Norway
Ane,Female,Norway
Theo,Male,Norway
Julie,Female,Norway
Johannes,Male,Norway
Marie,Female,Norway
Tobias,Male,Norway
Anna,Female,Norway
Mats,Male,Norway
Lilly,Female,Norway
Jakob,Male,Norway
Emma,Female,Norway
Oliver,Male,Norway
Sofia,Female,Norway
Emil,Male,Norway
Maja,Female,Norway
William,Male,Norway
Frida,Female,Norway
Isak,Male,Norway
Hedda,Female,Norway
Theodor,Male,Norway
Ida,Female,Norway
Magnus,Male,Norway
Sara,Female,Norway
Elias,Male,Norway
Thea,Female,Norway
Leon,Male,Norway
Hanna,Female,Norway
Håkon,Male,Norway
Linnea,Female,Norway
Mikkel,Male,Norway
Live,Female,Norway
Even,Male,Norway
Vilde,Female,Norway
Jonas,Male,Norway
Nora,Female,Norway
Lucas,Male,Norway
Olivia,Female,Norway
Noah,Male,Norway
Ella,Female,Norway
Filip,Male,Norway
Ingrid,Female,Norway
Aksel,Male,Norway
Sofie,Female,Norway
Oskar,Male,Norway
Astrid,Female,Norway
Liam,Male,Norway
Tuva,Female,Norway
Henrik,Male,Norway
Amalie,Female,Norway
Sander,Male,Norway
Ane,Female,Norway
Theo,Male,Norway
Julie,Female,Norway
Johannes,Male,Norway
Marie,Female,Norway
Tobias,Male,Norway
Anna,Female,Norway
Mats,Male,Norway
Lilly,Female,Norway
Jakob,Male,Norway
Emma,Female,Norway
Oliver,Male,Norway
Sofia,Female,Norway
Emil,Male,Norway
Maja,Female,Norway
William,Male,Norway
Frida,Female,Norway
Isak,Male,Norway
Hedda,Female,Norway
Theodor,Male,Norway
Ida,Female,Norway
Magnus,Male,Norway
Sara,Female,Norway
Elias,Male,Norway
Thea,Female,Norway
Leon,Male,Norway
Hanna,Female,Norway
Håkon,Male,Norway
Linnea,Female,Norway
Mikkel,Male,Norway
Live,Female,Norway
Even,Male,Norway
Vilde,Female,Norway
Jonas,Male,Norway
Nora,Female,Norway
Lucas,Male,Norway
Olivia,Female,Norway
Noah,Male,Norway
Ella,Female,Norway
Filip,Male,Norway
Ingrid,Female,Norway
Aksel,Male,Norway
Sofie,Female,Norway
Oskar,Male,Norway
Astrid,Female,Norway
Liam,Male,Norway
Tuva,Female,Norway
Henrik,Male,Norway
Amalie,Female,Norway
Sander,Male,Norway
Ane,Female,Norway
Theo,Male,Norway
Julie,Female,Norway
Johannes,Male,Norway
Marie,Female,Norway
Tobias,Male,Norway
Anna,Female,Norway
Mats,Male,Norway
Lilly,Female,Norway
Jakob,Male,Norway
Emma,Female,Norway
Oliver,Male,Norway
Sofia,Female,Norway
Emil,Male,Norway
Maja,Female,Norway
William,Male,Norway
Frida,Female,Norway
Isak,Male,Norway
Hedda,Female,Norway
Theodor,Male,Norway
Ida,Female,Norway
Magnus,Male,Norway
Sara,Female,Norway
Elias,Male,Norway
Thea,Female,Norway
Leon,Male,Norway
Hanna,Female,Norway
Håkon,Male,Norway
Linnea,Female,Norway
Mikkel,Male,Norway
Live,Female,Norway
Even,Male,Norway
Vilde,Female,Norway
Jonas,Male,Norway
Nora,Female,Norway
Lucas,Male,Norway
Olivia,Female,Norway
Noah,Male,Norway
Ella,Female,Norway
Filip,Male,Norway
Ingrid,Female,Norway
Aksel,Male,Norway
Sofie,Female,Norway
Oskar,Male,Norway
Astrid,Female,Norway
Liam,Male,Norway
Tuva,Female,Norway
Henrik,Male,Norway
Amalie,Female,Norway
Sander,Male,Norway
Ane,Female,Norway
Theo,Male,Norway
Julie,Female,Norway
Johannes,Male,Norway
Marie,Female,Norway
Tobias,Male,Norway
Anna,Female,Norway
Mats,Male,Norway
Lilly,Female,Norway
Jakob,Male,Norway
Emma,Female,Norway
Oliver,Male,Norway
Sofia,Female,Norway
Emil,Male,Norway
Maja,Female,Norway
William,Male,Norway
Frida,Female,Norway
Isak,Male,Norway
Hedda,Female,Norway
Theodor,Male,Norway
Ida,Female,Norway
Magnus,Male,Norway
Sara,Female,Norway
Elias,Male,Norway
Thea,Female,Norway
Leon,Male,Norway
Hanna,Female,Norway
Håkon,Male,Norway
Linnea,Female,Norway
Mikkel,Male,Norway
Live,Female,Norway
Even,Male,Norway
Vilde,Female,Norway
Jonas,Male,Norway
Nora,Female,Norway
Lucas,Male,Norway
Olivia,Female,Norway
Noah,Male,Norway
Ella,Female,Norway
Filip,Male,Norway
Ingrid,Female,Norway
Aksel,Male,Norway
Sofie,Female,Norway
Oskar,Male,Norway
Astrid,Female,Norway
Liam,Male,Norway
Tuva,Female,Norway
Henrik,Male,Norway
Amalie,Female,Norway
Sander,Male,Norway
Ane,Female,Norway
Theo,Male,Norway
Julie,Female,Norway
Johannes,Male,Norway
Marie,Female,Norway
Tobias,Male,Norway
Anna,Female,Norway
Mats,Male,Norway
Lilly,Female,Norway
Jakob,Male,Norway
Emma,Female,Norway
Oliver,Male,Norway
Sofia,Female,Norway
Emil,Male,Norway
Maja,Female,Norway
William,Male,Norway
Frida,Female,Norway
Isak,Male,Norway
Hedda,Female,Norway
Theodor,Male,Norway
Ida,Female,Norway
Magnus,Male,Norway
Sara,Female,Norway
Elias,Male,Norway
Thea,Female,Norway
Leon,Male,Norway
Hanna,Female,Norway
Håkon,Male,Norway
Linnea,Female,Norway
Mikkel,Male,Norway
Live,Female,Norway
Even,Male,Norway
Vilde,Female,Norway
Jonas,Male,Norway
Nora,Female,Norway
Lucas,Male,Norway
Olivia,Female,Norway
Noah,Male,Norway
Ella,Female,Norway
Filip,Male,Norway
Ingrid,Female,Norway
Aksel,Male,Norway
Sofie,Female,Norway
Oskar,Male,Norway
Astrid,Female,Norway
Liam,Male,Norway
Tuva,Female,Norway
Henrik,Male,Norway
Amalie,Female,Norway
Sander,Male,Norway
Ane,Female,Norway
Theo,Male,Norway
Julie,Female,Norway
Johannes,Male,Norway
Marie,Female,Norway
Tobias,Male,Norway
Anna,Female,Norway
Mats,Male,Norway
Lilly,Female,Norway
Jakob,Male,Norway
Emma,Female,Norway
Oliver,Male,Norway
Sofia,Female,Norway
Emil,Male,Norway
Maja,Female,Norway
William,Male,Norway
Frida,Female,Norway
Isak,Male,Norway
Hedda,Female,Norway
Theodor,Male,Norway
Ida,Female,Norway
Magnus,Male,Norway
Sara,Female,Norway
Elias,Male,Norway
Thea,Female,Norway
Leon,Male,Norway
Hanna,Female,Norway
Håkon,Male,Norway
Linnea,Female,Norway
Mikkel,Male,Norway
Live,Female,Norway
Even,Male,Norway
Vilde,Female,Norway
Jonas,Male,Norway
Nora,Female,Norway
Lucas,Male,Norway
Olivia,Female,Norway
Noah,Male,Norway
Ella,Female,Norway
Filip,Male,Norway
Ingrid,Female,Norway
Aksel,Male,Norway
Sofie,Female,Norway
Oskar,Male,Norway
Astrid,Female,Norway
Liam,Male,Norway
Tuva,Female,Norway
Henrik,Male,Norway
Amalie,Female,Norway
Sander,Male,Norway
Ane,Female,Norway
Theo,Male,Norway
Julie,Female,Norway
Johannes,Male,Norway
Marie,Female,Norway
Tobias,Male,Norway
Anna,Female,Norway
Mats,Male,Norway
Lilly,Female,Norway
Jakob,Male,Norway
Emma,Female,Norway
Oliver,Male,Norway
Sofia,Female,Norway
Emil,Male,Norway
Maja,Female,Norway
William,Male,Norway
Frida,Female,Norway
Isak,Male,Norway
Hedda,Female,Norway
Theodor,Male,Norway
Ida,Female,Norway
Magnus,Male,Norway
Sara,Female,Norway
Elias,Male,Norway
Thea,Female,Norway
Leon,Male,Norway
Hanna,Female,Norway
Håkon,Male,Norway
Linnea,Female,Norway
Mikkel,Male,Norway
Live,Female,Norway
Even,Male,Norway
Vilde,Female,Norway
Jonas,Male,Norway
Nora,Female,Norway
Lucas,Male,Norway
Olivia,Female,Norway
Noah,Male,Norway
Ella,Female,Norway
Filip,Male,Norway
Ingrid,Female,Norway
Aksel,Male,Norway
Sofie,Female,Norway
Oskar,Male,Norway
Astrid,Female,Norway
Liam,Male,Norway
Tuva,Female,Norway
Henrik,Male,Norway
Amalie,Female,Norway
Sander,Male,Norway
Ane,Female,Norway
Theo,Male,Norway
Julie,Female,Norway
Johannes,Male,Norway
Marie,Female,Norway
Tobias,Male,Norway
Anna,Female,Norway
Mats,Male,Norway
Lilly,Female,Norway
Jakob,Male,Norway
Emma,Female,Norway
Oliver,Male,Norway
Sofia,Female,Norway
Emil,Male,Norway
Maja,Female,Norway
William,Male,Norway
Frida,Female,Norway
Isak,Male,Norway
Hedda,Female,Norway
Theodor,Male,Norway
Ida,Female,Norway
Magnus,Male,Norway
Sara,Female,Norway
Elias,Male,Norway
Thea,Female,Norway
Leon,Male,Norway
Hanna,Female,Norway
Håkon,Male,Norway
Linnea,Female,Norway
Mikkel,Male,Norway
Live,Female,Norway
Even,Male,Norway
Vilde,Female,Norway
Jonas,Male,Norway
Nora,Female,Norway
Lucas,Male,Norway
Olivia,Female,Norway
Noah,Male,Norway
Ella,Female,Norway
Filip,Male,Norway
Ingrid,Female,Norway
Aksel,Male,Norway
Sofie,Female,Norway
Oskar,Male,Norway
Astrid,Female,Norway
Liam,Male,Norway
Tuva,Female,Norway
Henrik,Male,Norway
Amalie,Female,Norway
Sander,Male,Norway
Ane,Female,Norway
Theo,Male,Norway
Julie,Female,Norway
Johannes,Male,Norway
Marie,Female,Norway
Tobias,Male,Norway
Anna,Female,Norway
Mats,Male,Norway
Lilly,Female,Norway
Jakob,Male,Norway
Emma,Female,Norway
Oliver,Male,Norway
Sofia,Female,Norway
Emil,Male,Norway
Maja,Female,Norway
William,Male,Norway
Frida,Female,Norway
Isak,Male,Norway
Hedda,Female,Norway
Theodor,Male,Norway
Ida,Female,Norway
Magnus,Male,Norway
Sara,Female,Norway
Elias,Male,Norway
Thea,Female,Norway
Leon,Male,Norway
Hanna,Female,Norway
Håkon,Male,Norway
Linnea,Female,Norway
Mikkel,Male,Norway
Live,Female,Norway
Even,Male,Norway
Vilde,Female,Norway
Jonas,Male,Norway
Nora,Female,Norway
Lucas,Male,Norway
Olivia,Female,Norway
Noah,Male,Norway
Ella,Female,Norway
Filip,Male,Norway
Ingrid,Female,Norway
Aksel,Male,Norway
Sofie,Female,Norway
Oskar,Male,Norway
Astrid,Female,Norway
Liam,Male,Norway
Tuva,Female,Norway
Henrik,Male,Norway
Amalie,Female,Norway
Sander,Male,Norway
Ane,Female,Norway
Theo,Male,Norway
Julie,Female,Norway
Johannes,Male,Norway
Marie,Female,Norway
Tobias,Male,Norway
Anna,Female,Norway
Mats,Male,Norway
Lilly,Female,Norway
Jakob,Male,Norway
Emma,Female,Norway
Oliver,Male,Norway
Sofia,Female,Norway
Emil,Male,Norway
Maja,Female,Norway
William,Male,Norway
Frida,Female,Norway
Isak,Male,Norway
Hedda,Female,Norway
Theodor,Male,Norway
Ida,Female,Norway
Magnus,Male,Norway
Sara,Female,Norway
Elias,Male,Norway
Thea,Female,Norway
Leon,Male,Norway
Hanna,Female,Norway
Håkon,Male,Norway
Linnea,Female,Norway
Mikkel,Male,Norway
Live,Female,Norway
Even,Male,Norway
Vilde,Female,Norway
Jonas,Male,Norway
Nora,Female,Norway
Lucas,Male,Norway
Olivia,Female,Norway
Noah,Male,Norway
Ella,Female,Norway
Filip,Male,Norway
Ingrid,Female,Norway
Aksel,Male,Norway
Sofie,Female,Norway
Oskar,Male,Norway
Astrid,Female,Norway
Liam,Male,Norway
Tuva,Female,Norway
Henrik,Male,Norway
Amalie,Female,Norway
Sander,Male,Norway
Ane,Female,Norway
Theo,Male,Norway
Julie,Female,Norway
Johannes,Male,Norway
Marie,Female,Norway
Tobias,Male,Norway
Anna,Female,Norway
Mats,Male,Norway
Lilly,Female,Norway
Jakob,Male,Norway
Emma,Female,Norway
Oliver,Male,Norway
Sofia,Female,Norway
Emil,Male,Norway
Maja,Female,Norway
William,Male,Norway
Frida,Female,Norway
Isak,Male,Norway
Hedda,Female,Norway
Theodor,Male,Norway
Ida,Female,Norway
Magnus,Male,Norway
Sara,Female,Norway
Elias,Male,Norway
Thea,Female,Norway
Leon,Male,Norway
Hanna,Female,Norway
Håkon,Male,Norway
Linnea,Female,Norway
Mikkel,Male,Norway
Live,Female,Norway
Even,Male,Norway
Vilde,Female,Norway
Jonas,Male,Norway
Nora,Female,Norway
Lucas,Male,Norway
Olivia,Female,Norway
Noah,Male,Norway
Ella,Female,Norway
Filip,Male,Norway
Ingrid,Female,Norway
Aksel,Male,Norway
Sofie,Female,Norway
Oskar,Male,Norway
Astrid,Female,Norway
Liam,Male,Norway
Tuva,Female,Norway
Henrik,Male,Norway
Amalie,Female,Norway
Sander,Male,Norway
Ane,Female,Norway
Theo,Male,Norway
Julie,Female,Norway
Johannes,Male,Norway
Marie,Female,Norway
Tobias,Male,Norway
Anna,Female,Norway
Mats,Male,Norway
Lilly,Female,Norway
Jakob,Male,Norway
Emma,Female,Norway
Oliver,Male,Norway
Sofia,Female,Norway
Emil,Male,Norway
Maja,Female,Norway
William,Male,Norway
Frida,Female,Norway
Isak,Male,Norway
Hedda,Female,Norway
Theodor,Male,Norway
Ida,Female,Norway
Magnus,Male,Norway
Sara,Female,Norway
Elias,Male,Norway
Thea,Female,Norway
Leon,Male,Norway
Hanna,Female,Norway
Håkon,Male,Norway
Linnea,Female,Norway
Mikkel,Male,Norway
Live,Female,Norway
Even,Male,Norway
Vilde,Female,Norway
Jonas,Male,Norway
Nora,Female,Norway
Lucas,Male,Norway
Olivia,Female,Norway
Noah,Male,Norway
Ella,Female,Norway
Filip,Male,Norway
Ingrid,Female,Norway
Aksel,Male,Norway
Sofie,Female,Norway
Oskar,Male,Norway
Astrid,Female,Norway
Liam,Male,Norway
Tuva,Female,Norway
Henrik,Male,Norway
Amalie,Female,Norway
Sander,Male,Norway
Ane,Female,Norway
Theo,Male,Norway
Julie,Female,Norway
Johannes,Male,Norway
Marie,Female,Norway
Tobias,Male,Norway
Anna,Female,Norway
Mats,Male,Norway
Lilly,Female,Norway
Jakob,Male,Norway
Emma,Female,Norway
Oliver,Male,Norway
Sofia,Female,Norway
Emil,Male,Norway
Maja,Female,Norway
William,Male,Norway
Frida,Female,Norway
Isak,Male,Norway
Hedda,Female,Norway
Theodor,Male,Norway
Ida,Female,Norway
Magnus,Male,Norway
Sara,Female,Norway
Elias,Male,Norway
Thea,Female,Norway
Leon,Male,Norway
Hanna,Female,Norway
Håkon,Male,Norway
Linnea,Female,Norway
Mikkel,Male,Norway
Live,Female,Norway
Even,Male,Norway
Vilde,Female,Norway
Jonas,Male,Norway
Nora,Female,Norway
Lucas,Male,Norway
Olivia,Female,Norway
Noah,Male,Norway
Ella,Female,Norway
Filip,Male,Norway
Ingrid,Female,Norway
Aksel,Male,Norway
Sofie,Female,Norway
Oskar,Male,Norway
Astrid,Female,Norway
Liam,Male,Norway
Tuva,Female,Norway
Henrik,Male,Norway
Amalie,Female,Norway
Sander,Male,Norway
Ane,Female,Norway
Theo,Male,Norway
Julie,Female,Norway
Johannes,Male,Norway
Marie,Female,Norway
Tobias,Male,Norway
Anna,Female,Norway
Mats,Male,Norway
Lilly,Female,Norway
Jakob,Male,Norway
Emma,Female,Norway
Oliver,Male,Norway
Sofia,Female,Norway
Emil,Male,Norway
Maja,Female,Norway
William,Male,Norway
Frida,Female,Norway
Isak,Male,Norway
Hedda,Female,Norway
Theodor,Male,Norway
Ida,Female,Norway
Magnus,Male,Norway
Sara,Female,Norway
Elias,Male,Norway
Thea,Female,Norway
Leon,Male,Norway
Hanna,Female,Norway
Håkon,Male,Norway
Linnea,Female,Norway
Mikkel,Male,Norway
Live,Female,Norway
Even,Male,Norway
Vilde,Female,Norway
Jonas,Male,Norway
Nora,Female,Norway
Lucas,Male,Norway
Olivia,Female,Norway
Noah,Male,Norway
Ella,Female,Norway
Filip,Male,Norway
Ingrid,Female,Norway
Aksel,Male,Norway
Sofie,Female,Norway
Oskar,Male,Norway
Astrid,Female,Norway
Liam,Male,Norway
Tuva,Female,Norway
Henrik,Male,Norway
Amalie,Female,Norway
Sander,Male,Norway
Ane,Female,Norway
Theo,Male,Norway
Julie,Female,Norway
Johannes,Male,Norway
Marie,Female,Norway
Tobias,Male,Norway
Anna,Female,Norway
Mats,Male,Norway
Lilly,Female,Norway
Jakob,Male,Norway
Emma,Female,Norway
Oliver,Male,Norway
Sofia,Female,Norway
Emil,Male,Norway
Maja,Female,Norway
William,Male,Norway
Frida,Female,Norway
Isak,Male,Norway
Hedda,Female,Norway
Theodor,Male,Norway
Ida,Female,Norway
Magnus,Male,Norway
Sara,Female,Norway
Elias,Male,Norway
Thea,Female,Norway
Leon,Male,Norway
Hanna,Female,Norway
Håkon,Male,Norway
Linnea,Female,Norway
Mikkel,Male,Norway
Live,Female,Norway
Even,Male,Norway
Vilde,Female,Norway
Jonas,Male,Norway
Nora,Female,Norway
Lucas,Male,Norway
Olivia,Female,Norway
Noah,Male,Norway
Ella,Female,Norway
Filip,Male,Norway
Ingrid,Female,Norway
Aksel,Male,Norway
Sofie,Female,Norway
Oskar,Male,Norway
Astrid,Female,Norway
Liam,Male,Norway
Tuva,Female,Norway
Henrik,Male,Norway
Amalie,Female,Norway
Sander,Male,Norway
Ane,Female,Norway
Theo,Male,Norway
Julie,Female,Norway
Johannes,Male,Norway
Marie,Female,Norway
Tobias,Male,Norway
Anna,Female,Norway
Mats,Male,Norway
Lilly,Female,Norway
Jakob,Male,Norway
Emma,Female,Norway
Oliver,Male,Norway
Sofia,Female,Norway
Emil,Male,Norway
Maja,Female,Norway
William,Male,Norway
Frida,Female,Norway
Isak,Male,Norway
Hedda,Female,Norway
Theodor,Male,Norway
Ida,Female,Norway
Magnus,Male,Norway
Sara,Female,Norway
Elias,Male,Norway
Thea,Female,Norway
Leon,Male,Norway
Hanna,Female,Norway
Håkon,Male,Norway
Linnea,Female,Norway
Mikkel,Male,Norway
Live,Female,Norway
Even,Male,Norway
Vilde,Female,Norway
Jonas,Male,Norway
Nora,Female,Norway
Lucas,Male,Norway
Olivia,Female,Norway
Noah,Male,Norway
Ella,Female,Norway
Filip,Male,Norway
Ingrid,Female,Norway
Aksel,Male,Norway
Sofie,Female,Norway
Oskar,Male,Norway
Astrid,Female,Norway
Liam,Male,Norway
Tuva,Female,Norway
Henrik,Male,Norway
Amalie,Female,Norway
Sander,Male,Norway
Ane,Female,Norway
Theo,Male,Norway
Julie,Female,Norway
Johannes,Male,Norway
Marie,Female,Norway
Tobias,Male,Norway
Anna,Female,Norway
Mats,Male,Norway
Lilly,Female,Norway
